Country,Year,LE_both,LE_male,LE_female,Income Level,GDP per Capita,Surface area (sq. km),"Population, total",Population density (people per sq. km of land area),"PM2.5 air pollution, mean annual exposure (micrograms per cubic meter)","Mortality caused by road traffic injury (per 100,000 people)","Intentional homicides (per 100,000 people)",Individuals using the Internet (% of population),"Incidence of tuberculosis (per 100,000 people)","GNI, Atlas method (current US$)",GDP per capita growth (annual %),GDP growth (annual %),CO2 emissions (metric tons per capita),Access to electricity (% of population),CHE_in_USD
Afghanistan,2016,62.7,61.0,64.5,L,2.749565304548972,5.814820060683741,7.5397788359556435,1.7249587752719024,1.7983388397864217,1.1818435879447726,0.8024936125465831,10.5957264186601,2.2764618041732443,10.300573781139,-0.349412121327802,2.36671191565063,-0.5236829474096854,84.1371383666992,1.7788744720027396
Albania,2016,76.4,74.3,78.6,UM,3.616146894985398,4.458637849025649,6.458804133092097,2.02105357027171,1.1653632991915839,1.1335389083702174,0.43119104495974714,66.363444701023,1.2041199826559248,10.094519415484523,3.51753123242216,3.35215921082479,0.29639384958660003,100.0,2.424718337331567
Algeria,2016,76.4,75.4,77.4,UM,3.592940440608846,6.376894350459825,7.608590766442409,1.2316962336392594,1.570904186554075,1.3747483460101038,0.1333364070522518,42.9455268800332,1.845098040014257,11.248086149586149,1.4314034368637902,3.29999999975597,0.5702404512890336,99.43956756591801,2.4647875196459372
Angola,2016,62.6,60.3,64.9,LM,3.519666950679082,6.0957619594775005,7.459595457912797,1.363833498435296,1.5591939312157792,1.3873898263387294,0.6856834767491106,13.0,2.568201724066995,10.99699114083482,-4.09805583322894,-0.813494095515892,0.11103667393555162,40.5206069946289,2.035829825252828
Antigua and Barbuda,2016,75.0,72.5,77.5,H,4.160233650845535,2.6434526764861874,5.004162246655295,2.3607095701691088,1.1955106207138717,1.0606978403536116,1.0142278447572504,73.0,0.5314789170422551,9.136543187716546,4.25736727880744,5.34247943486722,0.7305924156898446,97.3546676635742,2.8176975547630243
Argentina,2016,76.9,73.5,80.3,UM,4.102240013775917,6.4441072798376,7.641944143436893,1.204718538176684,1.1507001826048515,1.14921911265538,0.7739739006153287,70.96898082060241,1.380211241711606,11.718893845675975,-2.7845921106937905,-1.82254217028903,0.6764007008158047,100.0,2.9990870226258886
Armenia,2016,74.8,71.2,78.1,LM,3.556994783142983,4.473340964185935,6.466098549837621,2.0117110826906663,1.4309275346567243,1.1958996524092338,0.47394303444877806,64.3460297653742,1.6434526764861874,10.042352684896219,-0.0694778770705824,0.199999997770945,0.2793837643232797,100.0,2.5634810853944106
Australia,2016,82.9,81.0,84.8,H,4.698071659300938,6.88880940997423,7.384009301559277,0.49851803884980184,0.7872341588107744,0.7323937598229685,-0.02633834882185261,88.2386580521762,0.785329835010767,12.117452458564493,1.29822478455424,2.82731051096303,1.1866777600386875,100.0,3.6931991451537174
Austria,2016,81.9,79.4,84.2,H,4.650608712702815,4.923653244193512,6.941345832506137,2.0247708247929603,1.1750821859743108,0.7558748556724915,-0.18361308667968254,84.3233312921004,0.9138138523837167,11.602699815828334,0.359739594882626,1.45091543821485,0.8369483880109377,100.0,3.656682620172654
Azerbaijan,2016,73.1,70.3,75.7,UM,3.588914405030701,4.937517892017347,6.989352446472586,2.0720412838549462,1.5182193103996529,1.0,0.3306677305448803,78.2,1.8195439355418688,10.666900662892274,-4.17717199814963,-3.10000020204575,0.5945649751432373,100.0,2.566201718854913
Bahamas,2016,75.7,72.6,78.6,H,4.4808733140499,4.1423894661188365,5.592434369773668,1.5920002922943488,1.1069093131658168,1.0413926851582251,1.453326863257695,80.0,1.414973347970818,10.037325985768394,-2.79369296749304,-1.68954985564559,0.8009408686146906,100.0,3.226728756856991
Bahrain,2016,79.1,78.6,79.6,H,4.353350285002178,2.8870543780509568,6.153866976555687,3.2668125985047296,1.9014092741013067,0.8512583487190752,-0.28083745203047455,97.99998070241459,1.0791812460476249,10.483251933977837,-0.64539999632413,3.21593363864166,1.3701383063970485,100.0,3.0755469613925306
Bangladesh,2016,72.7,71.1,74.4,LM,3.1331488354256973,5.169174619753743,8.212058522494619,3.097547617645745,2.0043951413006273,1.1072099696478683,0.3984761145924069,18.246938002944894,2.3443922736851106,11.335037428491981,5.96268914043026,7.11346522765494,-0.3380530116352038,75.92,1.5024271199844328
Barbados,2016,75.6,73.1,78.0,H,4.201168350647644,2.6334684555795866,5.4548387646045855,2.8213703090249993,1.2651673032111557,0.7403626894942439,1.037711642813595,79.5493978888735,0.07918124604762482,9.636968480018327,1.72119608696235,1.99999999999972,0.6522635261005659,100.0,3.0645328611315783
Belarus,2016,74.2,68.8,79.2,UM,3.7009308961012386,5.31722734917642,6.977793726757639,1.6704902758908744,1.2966373565935272,1.100370545117563,0.5544484042093579,71.1130457603832,1.7160033436347992,10.727690685416286,-2.64871399678408,-2.52645060629638,0.8262016827605028,100.0,2.5462958351214424
Belgium,2016,81.2,78.8,83.5,H,4.615539513022486,4.484726804298662,7.054284413658797,2.573128542830762,1.2052972877618142,0.8512583487190752,0.2898079885218906,86.5165,1.0,11.684096505224085,0.9001391874256229,1.4122920154533898,0.9205490548889871,100.0,3.6261657931392794
Belize,2016,70.5,67.9,73.4,UM,3.695497593958386,4.361160995195026,5.564611626109661,1.2064863408330138,1.3049555713426666,1.3283796034387378,1.5751782326495036,44.57574032,1.5797835966168101,9.215731973853277,-2.5654625106724303,-0.486536511492986,0.14847971926325856,92.2143173217773,2.478854967528663
Benin,2016,61.1,59.7,62.4,L,2.896819566114218,5.059790539573961,7.036321347512329,1.9841662803127642,1.9820917004308958,1.4424797690644486,0.7911826330324571,11.994047908223,1.7708520116421442,9.951069822383495,1.13109189049368,3.96485991037314,-0.21168039353011853,41.402614593505895,1.4955443375464486
Bhutan,2016,70.6,70.4,70.8,LM,3.443035550935143,4.584263360552735,5.901874978777155,1.3207562666302803,1.7466255574879888,1.1760912590556813,0.05280598505101573,41.7726445321672,2.250420002308894,9.301132849579536,6.585735863315611,7.99070541132045,0.1103611813788453,100.0,1.9595183769729982
Bolivia (Plurinational State of),2016,71.5,69.1,74.0,LM,3.493782843010189,6.040831688287468,7.036943405451472,1.0021946623049842,1.343264637287709,1.3673559210260189,0.7993537309343018,39.6975146032685,2.0569048513364727,10.524921668578772,2.70131305161378,4.26391940393987,0.28610141100053954,93.0391311645508,2.295127085252191
Bosnia and Herzegovina,2016,77.3,74.8,79.8,UM,3.682021907339063,4.709354775834396,6.546149646600967,1.8368796856251361,1.5940805960165934,1.2201080880400552,0.10563388800674428,60.26,1.505149978319906,10.239990499661191,3.70557771840463,3.14407738358227,0.7948168957811578,100.0,2.634678752178682
Botswana,2016,66.1,63.6,68.4,UM,3.842245572069527,5.764721461079613,6.352232700352131,0.5988564976107434,1.3643108771967523,1.3222192947339193,1.1771964601074076,39.36299738,2.513217600067939,10.181948268994155,2.41194506598904,4.31550626955971,0.5109854665440109,60.6883964538574,2.590395947184013
Brazil,2016,75.1,71.4,78.9,UM,3.9364818600445495,6.930223923189049,8.31733792747627,1.3952282861151521,1.1021886659062605,1.354108439147401,1.4702333923653976,60.872540068126106,1.6232492903979006,12.264743923955196,-4.25414709607819,-3.46816285562616,0.41403497468929257,100.0,2.8923172607224803
Brunei Darussalam,2016,76.4,75.3,77.6,H,4.430388209735617,3.7611758131557314,5.626541554144952,1.9047309389324052,0.8081643038777123,0.9030899869919435,-0.3071921394120293,90.0,1.8195439355418688,10.14364407546462,-3.76859881236889,-2.46551470989569,1.3448774149644085,100.0,2.9096629851540183
Bulgaria,2016,74.8,71.4,78.4,UM,3.8732884909164493,5.045322978786658,6.852956845716948,1.817287011065267,1.4090312829420595,0.8808135922807914,0.05539439263256055,59.82554766101401,1.4313637641589874,10.732858284097723,4.672684706732331,3.94109784363204,0.768757635586736,100.0,2.7573960287930244
Burkina Faso,2016,60.3,59.6,60.9,L,2.7881635100543547,5.438099126503389,7.2705957650144635,1.8334796719663846,2.044268444719932,1.4871383754771865,-0.4318586114502293,13.96,1.7075701760979363,10.057228808221408,2.8808135353740605,5.924577561372019,-0.79043457206445,19.1647129058838,1.5237464668115646
Burundi,2016,60.1,58.5,61.8,L,2.4559519532457337,4.444513206334043,7.022185667632207,2.6125906482353916,1.6654208880320889,1.5145477526602862,0.7796341474939884,5.17362677652886,2.0718820073061255,9.468824271812288,-3.63951816381083,-0.570434450658766,-1.3517827318256652,7.58847713470459,1.3856062735983121
Cabo Verde,2016,73.2,71.1,75.0,LM,3.482519952881943,3.6053050461411096,5.732039745997672,2.126734699856561,1.8237465304266396,1.3283796034387378,1.0601623492990764,50.3228178676892,2.1367205671564067,9.214812237282711,2.53851215453756,3.81747042782273,-0.029930697225635974,92.6115875244141,2.163757523981956
Cambodia,2016,69.4,67.3,71.2,LM,3.1037719985828787,5.257774540946672,7.1976215177562075,1.9508275989810528,1.4173277474372197,1.2787536009528289,0.2656335350493271,32.3984517141849,2.537819095073274,10.253190103828718,5.29248336130298,6.95309439613069,-0.35876392627096604,49.770656585693395,1.842609239610562
Cameroon,2016,58.1,56.7,59.4,LM,3.1381497677184678,5.677095717250153,7.369942580941698,1.6953477912072592,2.1452144057069136,1.4487063199050798,0.6205629733298673,25.0,2.307496037913213,10.516181863210333,1.75591711041186,4.45045326629905,-0.5017886310452038,60.0747680664063,1.8034571156484138
Canada,2016,82.8,80.9,84.7,H,4.626842600349244,6.999333715721757,7.559482939441393,0.6007513907191548,0.8765194597324599,0.7634279935629372,0.22636904786463274,91.16,0.7160033436347992,12.201757871412388,0.20575862386971305,1.4141027455769095,1.1794701746080707,100.0,3.653945370217834
Central African Republic,2016,53.0,51.7,54.4,L,2.5821432578646966,5.794474104397434,6.6622496932200415,0.8677755888226074,1.8216460425903134,1.5024271199844328,1.2957292640662639,4.0,2.60959440922522,9.23637162306732,3.42739458110594,4.53128596327306,-1.1765706968560186,13.985112190246598,1.2201080880400552
Chad,2016,54.3,53.1,55.4,L,2.813739229561782,6.108565023732835,7.159944270185879,1.0598495551708889,1.980792157174794,1.3856062735983121,0.9561828567199895,5.0,2.184691430817599,10.016944539758022,-9.12983012559067,-6.255527085452808,-1.269397874660606,8.83089828491211,1.551449997972875
Chile,2016,79.5,76.5,82.4,H,4.144913236197567,5.878576940505649,7.253089620624226,1.3817899562741753,1.3417730215806665,1.0644579892269184,0.5394252521061047,83.56,1.2041199826559248,11.381073445684223,0.4342830404229829,1.2658676030013505,0.670929849835324,100.0,3.042181594515766
China,2016,76.4,75.0,77.9,UM,3.909409856284634,6.98059011390769,9.1394587503484,2.166875908545628,1.7507408919843575,1.287801729930226,-0.21070088663142514,53.2,1.806179973983887,13.056159232499423,6.1238038247144,6.69999999999993,0.8775963627814363,100.0,2.6290016192869916
Colombia,2016,75.1,71.5,78.8,UM,3.7601857889129633,6.0575706399027105,7.6871133646590515,1.6419860580910244,1.2334882282076751,1.276461804173244,1.4066138534900334,58.13649357287029,1.505149978319906,11.489955502851295,1.15227069298629,2.04305973323898,0.24539844656291565,99.00445556640629,2.573103783163991
Comoros,2016,63.9,62.3,65.5,L,2.889346578011867,3.269746373130767,5.900695320322445,2.630948947191677,1.2820860294448664,1.4563660331290431,0.8866728576205387,7.938322770802999,1.5440680443502757,8.787041612751318,-0.134951039780631,2.20000002289547,-0.692901813986536,77.8442153930664,1.7671558660821804
Congo,2016,64.3,63.0,65.6,LM,3.1841929040041275,5.534026106056135,6.7097634360133425,1.176372727995792,1.7468887478681303,1.4265112613645752,0.9695301284341683,8.121949323466001,2.5774917998372255,9.940485029232784,-5.26846494574266,-2.80001878768313,-0.19697377797174168,56.5661697387695,1.7693773260761385
Costa Rica,2016,79.6,77.0,82.2,UM,4.06939835655346,4.708420900134713,6.686392602820712,1.9783117923524807,1.2678882148340185,1.173186268412274,1.0757287286737927,66.028712851114,0.9777236052888477,10.721168954373749,3.0965868889036,4.15636150701233,0.21244092994758138,100.0,2.968062460076449
Croatia,2016,78.3,75.0,81.5,UM,4.089854629624061,4.752739693935328,6.620588755807056,1.8727110499872661,1.297007399409651,0.9637878273455552,0.018964355216279104,72.69730604589441,1.0791812460476249,10.71023167058525,3.888429795318,3.1654178242422404,0.5992065415595487,100.0,2.9304905653062696
Cuba,2016,79.0,76.8,81.3,UM,3.8809427881459913,5.040918650748524,7.0597898583865435,2.042673008947728,1.220738599867113,0.8808135922807914,0.6978991421780626,42.98,0.8388490907372553,10.874882511803108,4.240918772156689,4.4383335888395,0.4836173362159396,100.0,2.917137752756444
Cyprus,2016,80.7,78.4,83.1,H,4.371833914652612,3.9661417327390325,6.06823225825087,2.1025602870307636,1.2520369634058135,0.8129133566428556,0.045662327393421805,75.90036019051242,0.7481880270062004,10.318109077494897,2.56076941171899,3.39678770236453,0.7210148096181631,100.0,3.1940423278864234
Czechia,2016,79.2,76.2,82.1,H,4.266789298289913,4.896911840826025,7.023924252338311,2.1362506998838637,1.2828189518072404,0.8129133566428556,-0.21278961632837964,76.4812013779572,0.6989700043360189,11.270183543959634,2.39648623734374,2.593326020384,0.9621788283317216,100.0,3.1085650237328344
CÃ´te d'Ivoire,2016,54.6,53.6,55.7,LM,3.1861276528474898,5.5084758496482324,7.374673556626443,1.87224643664201,1.7617126878064706,1.380211241711606,1.065599292780206,41.21,2.184691430817599,10.556884678212686,5.656197040098361,8.34211309645272,-0.3096213364265651,64.3,1.8779469516291882
Democratic Republic of the Congo,2016,60.5,58.9,62.0,L,2.6477841497444943,6.37011691824833,7.896174191611353,1.5407130929737487,1.7503167681941119,1.5250448070368452,1.131823523432159,6.2099740603011915,2.509202522331103,10.557708207577312,-0.903382021120208,2.39937909800997,-1.1981218369067617,17.1473789215088,1.2966651902615312
Denmark,2016,81.2,79.3,83.2,H,4.7289926304763314,4.632679950216724,6.758003767494811,2.1320537218109106,1.014047522438326,0.5314789170422551,-0.008472069452727628,96.96778525166452,0.785329835010767,11.51380285567325,1.17145378168284,1.9640771294674704,0.7734728561430454,100.0,3.7401573381068274
Djibouti,2016,63.8,62.2,65.5,LM,3.272360272320751,4.365487984890899,5.97420440014603,1.6090909685184533,1.855575468922126,1.3961993470957363,0.8118903700818692,13.1349151074,2.525044807036845,9.23976568265482,7.0009710922373785,8.72226006105292,-0.10129579199992793,51.7826919555664,1.9122220565324155
Dominican Republic,2016,73.5,70.6,76.7,UM,3.8320960170127196,4.687261346243506,7.027300303377227,2.343263265890706,1.374715286524808,1.4440447959180762,1.1813205455039841,63.87,1.7781512503836436,10.832864902537452,5.406832886573111,6.61220822292972,0.3159675412972472,100.0,2.5984622004741507
Ecuador,2016,76.5,74.1,78.9,UM,3.7794902036867555,5.408867203386819,7.214448248096392,1.8193665969224466,1.1195094320326207,1.3159703454569178,0.7674354084519226,54.062924728886394,1.6989700043360187,10.978152134781725,-3.0222423024845098,-1.57637918304918,0.44117684197648044,99.9368133544922,2.7243578042264267
Egypt,2016,70.5,68.2,73.0,LM,3.541489536175288,6.00062927088754,7.980860568184653,1.982841117251095,2.1004678421850658,1.1238516409670858,0.4002422476959894,41.2480670885772,1.146128035678238,11.5137550479347,2.2632705909871498,4.34664345555436,0.34222132806790057,100.0,2.1947917577219247
El Salvador,2016,73.7,69.0,78.1,LM,3.5762074360878513,4.323045735481702,6.802412597823794,2.4860228467505996,1.5235644616295985,1.2787536009528289,1.9182519251609231,28.997073045597,1.7781512503836436,10.397055133734527,2.05926088679315,2.58057736631731,0.0002798660936904535,98.618896484375,2.4520932490177314
Equatorial Guinea,2016,59.5,57.9,61.7,UM,3.964631498988443,4.44793286559218,6.086889915875484,1.638957050283304,1.8523565313069454,1.3180633349627615,0.36271498006109815,23.779999971073998,2.2576785748691846,10.003252448780977,-12.026375591554801,-8.57588213036557,0.6752114217858802,67.889289855957,2.4471580313422194
Eritrea,2016,65.0,62.9,67.1,L,2.7655013081872855,5.070407321740119,6.650762953405493,1.6464415796228495,1.7034158971958726,1.3961993470957363,0.9054811589429986,1.177118720157,1.8692317197309762,9.364181988864814,6.643278697081209,8.67979993646826,-0.8769370289022594,46.6804618835449,1.4899584794248346
Estonia,2016,77.8,73.0,82.1,H,4.248875334948206,4.655426587745919,6.119186581436967,1.4919231648687459,0.7729305571256114,0.7993405494535817,0.5042175364191213,87.2373320920335,1.2041199826559248,10.370453001188656,2.03355422223434,2.06326278488234,1.1716919185040795,100.0,3.0461047872460387
Eswatini,2016,57.7,55.1,59.9,LM,3.442511042640444,4.239549720840473,6.128107702398014,1.8925792554904655,1.3829497814737373,1.3961993470957363,1.2378543898201801,28.573522782768503,2.5998830720736876,9.599373903080556,-0.449243064752778,1.36869407322355,-0.032117543692564365,65.7902069091797,2.36679638328673
Ethiopia,2016,65.5,63.7,67.3,L,2.85301518175142,6.043087072166329,8.01031351116622,2.0103135111662196,1.6966647917680149,1.436162647040756,0.8786144119101655,15.366923859589601,2.247973266361807,10.830646118245404,4.90414648964463,7.56176669023149,-0.9240006791271216,42.9,1.3856062735983121
Fiji,2016,69.9,67.1,73.1,UM,3.7157952617157957,4.261738547352538,5.953643735569696,1.691905188217158,0.8841473313210428,0.7634279935629372,0.35369137801500766,46.5069783122217,1.7708520116421442,9.634609783433126,-0.358360745379144,0.380003448395996,0.12076297536880934,98.6460494995117,2.2427898094786767
Finland,2016,81.4,78.7,84.2,H,4.637820150162076,5.52945602113109,6.739991643547519,1.257275234406287,0.7947854314445716,0.6434526764861874,0.15160559135651286,87.70364995994551,0.6720978579357175,11.393610070025444,1.84224434095152,2.13538181526189,0.9375540604961922,100.0,3.6026567360725212
France,2016,82.9,80.1,85.7,H,4.566675718799562,5.739641161620325,7.825164865279365,2.086735529900628,1.0744264901426333,0.7075701760979364,0.1310367068912819,79.27,0.8864907251724818,12.41376519330777,0.7844693163397808,1.18765038087423,0.6602184994139391,100.0,3.6048845576636235
Gabon,2016,66.4,64.8,68.2,UM,3.849952480019581,5.427599698924868,6.296618248826202,0.8855543913652785,1.675728904360061,1.3560258571931227,0.9054092564487168,48.0522737506185,2.6857417386022635,10.152439884963567,-0.475678468739034,2.08238031633867,0.4422077749277584,91.39550018310551,2.2964457942063965
Gambia,2016,61.9,60.6,63.3,L,2.67422386562411,4.05307844348342,6.309310928834226,2.304130416330447,1.9779241148403732,1.4828735836087537,0.960399790761733,18.5,2.2405492482826,8.944733298559992,-0.83791997685988,2.21633366332313,-0.5723761441283793,47.7570877075195,1.503790683057181
Georgia,2016,72.6,68.3,76.8,LM,3.587237774566113,4.84323277809801,6.570461210112099,1.8133841860071611,1.3166977165825466,1.0644579892269184,-0.004532835502993277,59.26,1.9637878273455553,10.154099865922122,2.7881372868930603,2.848973396234,0.3822948284588407,100.0,2.448551739201578
Germany,2016,81.0,78.7,83.3,H,4.625647553847008,5.553130244496774,7.915656584068896,2.3729556146207855,1.1289739436767978,0.6232492903979004,0.0704785354866565,89.6471005903368,0.9084850188786497,12.55926458597926,1.12402999800132,1.94362542781317,0.948871002395359,100.0,3.661982963713096
Ghana,2016,63.4,62.5,64.4,LM,3.18112741404227,5.377561214917793,7.450352710616169,2.093294956865825,1.734340389763538,1.416640507338281,0.2262896827474907,34.66600065,2.1931245983544616,10.594749071820239,1.4276693700298,3.721902904505741,-0.270403255366558,79.3,1.900913067737669
Greece,2016,81.2,78.7,83.7,H,4.252404595441394,5.120442306873306,7.032456413955007,1.9222034966016042,1.0530136087111226,0.9084850188786497,-0.12473533834988897,69.0879154723892,0.6434526764861874,11.308284917776017,0.171446153123696,-0.24431474084669005,0.7910121756617989,100.0,3.1774787825423223
Grenada,2016,73.4,71.0,75.9,UM,3.9930729489062964,2.531478917042255,5.030668523656477,2.4991896066142223,1.2671354104246892,0.8195439355418687,1.0106950252476565,55.8564078225865,0.8061799739838872,8.989887303356346,3.206513434780529,3.6837890929887904,0.35707651684294217,92.34436798095699,2.663040974893974
Guatemala,2016,73.2,70.4,76.0,LM,3.6170777136485053,5.036987997806906,7.219649194081885,2.189616489145715,1.4551812881164023,1.2988530764097066,1.4354464903151916,34.5093260915602,1.380211241711606,10.798783784653212,1.0406436451333,3.09248795890571,0.06106702037719221,91.7792282104492,2.3510228525841237
Guinea,2016,59.8,59.4,60.2,L,2.874076503152271,5.390687877285511,7.0932789048952705,1.7028383982477444,1.6640862613368168,1.4487063199050798,0.9456940496174726,9.8,2.24551266781415,9.950784606411142,7.741824286271679,10.4541058171845,-0.6829973441904368,33.5,1.3996737214810382
Guinea-Bissau,2016,59.8,58.4,61.2,L,2.8121770624678137,4.557867961568022,6.259043615198054,1.810028298850268,1.7720637297521302,1.4281347940287887,0.9799968176508512,3.761413832337,2.5728716022004803,9.066306753944245,3.6191372284397696,6.26280564499115,-0.8034337424331295,14.6557903289795,1.5965970956264601
Guyana,2016,66.2,63.6,69.0,UM,3.6562174035039874,5.332377856457326,5.888349695010479,0.5942142758842307,1.2954367690470519,1.1846914308175989,1.2641275036166644,35.66,1.968482948553935,9.515434507630843,2.67630359964643,3.31613165474852,0.42034329511550667,84.24290466308591,2.265996370495079
Haiti,2016,63.5,61.3,65.7,L,2.8661706791508976,4.443262987458695,7.035323012713614,2.5950437994780255,1.3719548971090694,1.1846914308175989,1.001718290373476,12.2326016070408,2.27415784926368,9.930686227021184,0.17817590743042894,1.4527070267502902,-0.5677707845222054,38.69016647338871,1.72916478969277
Honduras,2016,75.2,72.9,77.5,LM,3.375681228014609,5.051113916777601,6.959655031901105,1.910863758052695,1.4697853748878646,1.2174839442139063,1.7521691348687636,30.0,1.6020599913279623,10.293467722760877,2.02116027397936,3.75214890971107,0.03149805721388494,87.57662963867192,2.24699069924155
Hungary,2016,76.0,72.3,79.4,H,4.1078910129391915,4.968623020956989,6.991847071452251,2.0350545510817564,1.3904172046568992,0.8750612633917001,0.31628479882134786,79.25940131616991,0.9444826721501687,11.088623957726107,2.51527497305646,2.21318749036379,0.6299775799284284,100.0,2.9511917579347062
Iceland,2016,82.4,80.9,83.9,H,4.781970148403075,5.012837224705172,5.525613554692646,0.5245291734004262,0.8632270691523733,0.5563025007672873,-0.5222310769457837,98.2400162999185,0.3222192947339193,10.265732254618094,5.99982697501132,7.48145023856483,0.7824480713191262,100.0,3.6410177624673286
India,2016,68.8,67.4,70.3,LM,3.234890140366877,6.51683392307752,9.121944188488438,2.6487215250571503,1.8796737385236033,1.3263358609287514,0.5083545396083637,29.547162885875398,2.3242824552976926,12.347263604641316,5.88983640263139,7.11268609726157,0.23804621146683155,84.5268173217773,1.801403710017355
Indonesia,2016,69.3,67.3,71.4,LM,3.5527028384357577,6.281245005809457,8.416832579432466,2.158777459374702,1.2239106246420612,1.1903316981702914,-0.30533520707569595,25.45,2.5921767573958667,11.949691512857907,3.84530203631144,5.0332795915301,0.25991943447031407,97.62,2.0484418035504044
Iran (Islamic Republic of),2016,75.7,74.6,76.9,UM,3.717596434077151,6.241832761594656,7.904593449723507,1.692736354582919,1.6897949828623509,1.4471580313422192,0.3925278508280125,53.2267726333568,1.146128035678238,11.642334849587373,12.1009990912715,13.396228065959498,0.9181887512839285,100.0,2.5634810853944106
Iraq,2016,69.8,67.5,72.2,UM,3.663663306276776,5.63853917299192,7.570572965870997,1.932763137223373,1.8648593680289924,1.250420002308894,0.9936327047405977,21.23,1.6334684555795864,11.304590988734349,7.75698623740327,11.0000000000001,0.682311149717902,100.0,2.1889284837608534
Ireland,2016,81.5,79.7,83.4,H,4.806860942549625,4.846831752823257,6.677181117178098,1.8390249324259504,0.9623045995749085,0.6020599913279624,-0.09578253028415917,85.01113211510192,0.8512583487190752,11.408859148382342,3.96126131252801,5.14146015448682,0.8641513818588026,100.0,3.677342280911539
Israel,2016,82.3,80.3,84.2,H,4.570319311854467,4.343802333161655,6.9317628884811775,2.5965056320466458,1.271484067673495,0.505149978319906,0.1348127078443661,79.65312418152809,0.5440680443502757,11.491059486677196,2.07359486192067,4.09433559145762,0.8955982918798118,100.0,3.440294971094914
Italy,2016,82.8,80.5,84.9,H,4.486699352535777,5.479056783934414,7.782669645965221,2.31411555788103,1.1898720701289656,0.7481880270062004,-0.17194417801037437,61.324252766630295,0.785329835010767,12.283779849467328,1.029750378768,0.8582626300083259,0.721882040183618,100.0,3.4314280993167827
Jamaica,2016,76.0,73.6,78.5,UM,3.6882930563833085,4.040997692423491,6.459596769229068,2.4249683126037476,1.1781603947573438,1.0,1.6722000292301,44.3668563671334,0.6532125137753437,10.125466110426377,1.04207219405505,1.3735273605527,0.41383858708138527,98.2042694091797,2.468790262099611
Japan,2016,84.2,81.1,87.1,H,4.590756489860928,5.577448138408936,8.103784950137626,2.542015934563233,1.119202952592986,0.6720978579357175,-0.547411228570594,93.18272128216171,1.2041199826559248,12.68354929396564,1.05462675404206,0.9381938864496252,0.9794894679619813,100.0,3.572011451726313
Jordan,2016,74.3,72.7,76.0,LM,3.611504249076028,4.9509487143994,6.975698369712338,2.0273832290229907,1.5707093895038509,1.3729120029701065,0.189666493736824,62.3021925670712,0.7481880270062004,10.568868005669247,-1.19473720414769,2.00373364209914,0.47748514625193955,100.0,2.410608542568368
Kazakhstan,2016,71.1,66.8,75.3,UM,3.887327027341974,6.435350887667869,7.250274928603809,0.8189594220682841,1.293493031697791,1.3654879848908996,0.6817592863495622,74.5877264735738,1.8260748027008264,11.19492353228465,-0.32751463348722604,1.09999999991015,1.1572502929336768,100.0,2.5787537844264348
Kenya,2016,66.7,64.4,68.9,LM,3.165097393588802,5.7637049551592385,7.685397452897864,1.9301783433591146,1.2120525202056545,1.4842998393467859,0.687835252846319,16.6,2.5415792439465807,10.826658683627013,3.1923836375642503,5.869192849110321,-0.5080568619091359,56.0,1.8457180179666586
Kiribati,2016,66.1,63.6,68.6,LM,3.200592838293765,2.90848501887865,5.058407042640009,2.149922023761358,0.6113365851284913,0.38021124171160603,0.8752798227888674,13.7,2.7528164311882715,8.506282537261983,-0.6174065863271779,1.14024725824106,-0.24843734409751173,84.9362716674805,2.0350292822023683
Kuwait,2016,74.8,73.9,76.0,H,4.437247610371368,4.250907699700856,6.607732025459701,2.356824325758846,2.04515555362599,1.2479732663618066,0.254418937701615,78.36738376,1.380211241711606,11.150482072977026,0.562920187504062,3.54700508846648,1.4018116234953641,100.0,3.0677402029262404
Kyrgyzstan,2016,71.4,67.7,75.2,LM,3.0494763948362817,5.300919236448696,6.783867862797374,1.5010192599627294,1.2531029506455023,1.3031960574204888,0.6517996877278683,34.5,2.161368002234975,9.828885206705472,2.2318052501758103,4.3358559012983005,0.216534127884763,99.99610137939449,1.964259630196849
Lao People's Democratic Republic,2016,65.8,64.2,67.4,LM,3.368973059181565,5.3743816980508825,6.829840871953279,1.4666050674695854,1.4420497968800248,1.1760912590556813,0.8457169062549053,21.87,2.2430380486862944,10.161858470815998,5.52842571067214,7.023091874104152,-0.5269499035656658,87.0957717895508,1.724275869600789
Latvia,2016,75.0,70.0,79.6,H,4.148307143130053,4.809492376937341,6.292153468244906,1.498502750537733,1.1639959668524262,0.9956351945975499,0.5266409458546808,79.8420977843089,1.568201724066995,10.455721676119538,3.14717190876131,2.20881929833494,0.543843751722174,100.0,2.8942052591420837
Lebanon,2016,76.3,75.1,77.7,UM,3.916837768415957,4.019116290447073,6.7786336283261415,2.7687579946139818,1.5127488100560256,1.2855573090077739,0.6013103847413341,76.11,1.0791812460476249,10.680257722517378,-0.635284320835979,1.99999999985178,0.6330372348261192,100.0,2.809694358716924
Lesotho,2016,52.9,51.0,54.6,LM,3.016909423466356,4.482301767223443,6.343176317099328,1.8608745498758856,1.4300464139423206,1.416640507338281,1.6154040723853929,27.36,2.859738566197147,9.446704483321831,1.04153650488325,2.39715448807888,0.06073976913213527,29.7333087921143,1.9585638832219674
Liberia,2016,62.9,62.0,63.9,L,2.6583651227318796,5.046768219660838,6.664060929674073,1.6803444557603242,1.238857083085436,1.545307116465824,0.5089951241848513,7.31910641139578,2.4885507165004443,9.235593099344538,-4.03561072889013,-1.60000000000001,-0.6716863337584561,19.8,1.8407332346118068
Libya,2016,71.9,69.0,75.0,UM,3.7097510897318626,6.245399144192987,6.798875191511553,0.5534760473185658,1.8042536871089152,1.403120521175818,0.39861297045569244,20.27215956269,1.6020599913279623,10.507685363166097,-3.6959299668346697,-2.7954688288162703,0.9631664076395204,98.5367279052735,2.494988973683168
Lithuania,2016,75.0,69.7,80.2,H,4.17355588930197,4.814820060683741,6.457614125372809,1.660693050042641,1.223180626564539,1.1139433523068367,0.7199000090919949,74.37664556186621,1.724275869600789,10.62767545035727,3.65366928558295,2.3448807393884303,0.6412846972870805,100.0,2.965342835560622
Luxembourg,2016,82.4,80.1,84.6,H,5.0031962741139075,3.413299764081252,5.76493343147054,2.351633667389288,1.206752392323149,0.8864907251724818,-0.1432615593764553,98.13669866576159,0.7634279935629372,10.619795974108618,0.8846625053683821,3.08264331605726,1.2396027879037714,100.0,3.794906106516804
Madagascar,2016,66.1,64.6,67.6,L,2.6039475242144983,5.768856303445284,7.396104297714075,1.6313305808030338,1.3319324593796844,1.4969296480732148,0.8857435829463854,4.713662899498,2.374748346010104,9.994914227064013,1.41605089444268,4.17999023566718,-0.8846514064690603,22.9,1.3222192947339193
Malawi,2016,64.2,61.4,66.8,L,2.477566417363803,5.073645045513152,7.257476376922501,2.2830568030702154,1.4511694405527231,1.534026106056135,0.23885103044665754,11.47,2.2013971243204513,9.763958090536814,-0.450112621995842,2.4840406264186803,-1.1263138026284532,11.0,1.534026106056135
Malaysia,2016,75.3,73.2,77.6,UM,3.9781000325499494,5.519565500880509,7.493977290515754,1.9773758189892192,1.2457029883484398,1.3483048630481607,0.32441277954098086,78.7883099275229,1.9637878273455553,11.487715072708438,2.66891457684333,4.219851319643951,0.9048773116724917,100.0,2.5861370252307934
Maldives,2016,78.4,77.2,79.9,UM,3.9944010514502226,2.4771212547196626,5.631196109969108,3.1540748552494446,1.429136495371516,0.5185139398778874,-0.1221033295227712,59.0925899654109,1.6901960800285136,9.572684701707523,3.84187224496264,6.16315825655229,0.5144892915989507,100.0,2.9749259860897626
Mali,2016,58.0,57.5,58.4,L,2.8920638913206766,6.093488225186768,7.2551479171005635,1.1687204556661364,1.9647785719163802,1.403120521175818,1.037553021643782,11.1121864890589,1.7481880270062005,10.144572043164233,2.70192216320552,5.79999999505212,-1.0797270798196599,35.0694999694824,1.6263403673750423
Malta,2016,81.5,79.6,83.3,H,4.3939401480819145,2.505149978319906,5.658351063432393,3.153201085112487,1.0842488768888834,0.7403626894942439,-0.028993955399867124,77.2893948185413,1.1139433523068367,10.035675717275211,2.8496111228568304,5.23058494709528,0.7324431344626912,100.0,3.3625201722887965
Mauritania,2016,63.9,62.6,65.2,LM,3.0421427857787195,6.0131322760460035,6.633571260104502,0.6204389840584991,2.0921399733821757,1.3838153659804313,0.9974600317706592,18.0,2.0086001717619175,9.685319487197283,-0.81446344135307,1.99999906234294,-0.17598980173231382,41.652107238769496,1.72916478969277
Mauritius,2016,74.8,71.6,78.1,UM,3.9859479684561707,3.3096301674258988,6.1015659656257,2.7940699277124867,1.1602599915010103,1.110589710299249,0.2605352536674187,52.19132593565229,1.3424226808222062,10.092041517414424,3.72868987872224,3.79999998981377,0.5254478619954198,98.7817840576172,2.704236337308788
Mexico,2016,76.6,74.0,79.2,UM,3.926532379293258,6.293225503786865,8.105647853032773,1.816962762711732,1.2748296516373894,1.0718820073061255,1.2847455699735841,59.5404459967255,1.3424226808222062,12.06048173087379,1.5823552778903,2.9133282765102595,0.5872889346979931,100.0,2.7281913985899466
Micronesia (Federated States of),2016,69.6,68.4,70.8,LM,3.497447878981861,2.845098040014257,5.020928644176506,2.175830604162249,0.9378793571970769,0.3010299956639812,0.6697486752236387,33.352162552269,2.247973266361807,8.570744066971818,-0.5437424109561989,-0.0637604720587319,0.15999879327113417,75.435173034668,2.5964871337365443
Mongolia,2016,69.8,65.7,74.2,LM,3.567506596471818,6.19427006927282,6.481069519681846,0.28974148889116097,1.4725370720862931,1.3180633349627615,0.7525033745502632,22.265770500756197,2.2624510897304293,10.036373043699399,-0.446336716960019,1.24320256286998,0.8529266448567793,81.775032043457,2.1832698436828046
Morocco,2016,76.0,74.8,77.0,LM,3.461314739698112,5.649870093702406,7.547489010528709,1.8978621236881796,1.4050385838509531,1.2695129442179163,0.0928565705413889,58.271236420398,2.012837224705172,11.012574384126912,-0.15110565281091198,1.2224436474776,0.2416410922955264,100.0,2.2035767749779724
Mozambique,2016,60.1,57.7,62.3,L,2.582142321189606,5.902753278276982,7.45983674879207,1.5642042892376902,1.321955057198962,1.5198279937757189,0.5320285679510549,17.5212390868424,2.741151598851785,10.139059680665628,0.815975105564775,3.7629430392301697,-0.5091056245259936,24.198339462280305,1.4517864355242902
Myanmar,2016,66.8,64.6,68.9,LM,3.077555164690497,5.830325574627083,7.7233343399735075,1.908367955895243,1.6885208977235961,1.290034611362518,0.3551276139071397,25.07330424,2.5575072019056577,10.799932011749215,4.90794967367123,5.87198222637582,-0.3802803573694522,57.0093841552734,1.7715874808812553
Namibia,2016,63.7,61.1,66.1,UM,3.6590317017333973,5.91608003116584,6.3944014188387,0.47884857850454493,1.4131730412206742,1.3729120029701065,1.233967963790699,31.0333459383454,2.649334858712142,10.068208515307996,-1.49899066582589,0.7000992179017231,0.1996807779793408,51.78242492675779,2.6264430253312945
Nepal,2016,70.2,68.8,71.6,L,2.8628003523233345,5.167848798590029,7.462139905375268,2.3057422080927634,1.894853797757164,1.2380461031287955,0.3352129390256397,19.688763836629,2.187520720836463,10.322623075206078,-0.7182527143734491,0.4128918768731471,-0.5473879229416079,90.7,1.6473829701146199
Netherlands,2016,81.6,80.0,83.2,H,4.659325526285464,4.61846649219908,7.231222655432369,2.7037216444512486,1.1827013317727517,0.5563025007672873,-0.2569899581015996,90.41095890410959,0.7708520116421442,11.89968205831529,1.6674465963552498,2.20994151591842,0.9965177170026465,100.0,3.6763277338813203
New Zealand,2016,82.2,80.5,84.0,H,4.605649318158111,5.427664594062185,6.671469061999756,1.2510017089235022,0.7423673856922097,0.785329835010767,-0.006389968682545846,88.470186347099,0.8633228601204559,11.257597526809564,1.32186443681044,3.4714568346147,0.8857329157053679,100.0,3.5506685412043986
Nicaragua,2016,75.5,72.5,78.4,LM,3.3312097693888196,5.115177665526249,6.7888700313224515,1.7084600241668144,1.3561951163533676,1.173186268412274,0.8672980173264209,24.5718339595365,1.6812412373755872,10.110928293055604,3.5033640166024305,4.65875919160213,-0.09230877309334419,81.7967987060547,2.2119210843085093
Niger,2016,59.8,59.0,60.8,L,2.5657958724673957,6.1027766148834415,7.315403231532719,1.2127294609837909,2.30908459738596,1.4533183400470377,0.6477774590750278,4.32275803028068,1.968482948553935,9.886835470914523,0.987015990286608,4.92571448640469,-0.954389482382029,16.2172336578369,1.4099331233312946
Nigeria,2016,55.2,54.7,55.7,LM,3.337593710353185,5.965563854158618,8.269488753808561,2.3100800369258807,2.0880596533053284,1.3138672203691535,0.9933634683181424,25.67,2.3404441148401185,11.658953805237703,-4.1601066390881805,-1.61686894991816,-0.2631080367165006,59.3,1.9881128402683519
Norway,2016,82.5,80.6,84.3,H,4.850585194257279,5.585661473801782,6.718876780524276,1.15629250112608,0.896199138885241,0.5185139398778874,-0.28877906056085845,97.29820366750678,0.785329835010767,11.632736404143454,0.23630912070918,1.09146507169045,0.9671240107885041,100.0,3.872977449221464
Oman,2016,77.0,75.3,79.5,H,4.17904545990657,5.490660653356136,6.645889915741986,1.1552292623858493,1.891883963916486,1.3979400086720377,-0.18282327115790903,76.85,0.9542425094393249,10.855355600497727,0.0265040110603678,5.38416593631317,1.18873637319259,100.0,2.803798407989674
Pakistan,2016,66.5,65.7,67.4,LM,3.159051339840231,5.900967623919124,8.286014935713217,2.399028157394968,1.8793868937022946,1.1553360374650619,0.644280527300968,15.5145577897414,2.428134794028789,11.461076424031944,3.43865329572641,5.526735844744482,-0.04756399645154618,99.1474380493164,1.5797835966168101
Panama,2016,78.0,75.0,81.2,UM,4.156336266944784,4.877486528069602,6.6057487050520285,1.7345261482923209,1.1500191330251301,1.0293837776852097,0.9854080862657371,54.0,1.7403626894942439,10.68460847966723,3.30034027555703,4.98859240427846,0.3530139000888384,93.4178009033203,2.9640709705579553
Papua New Guinea,2016,65.9,63.6,68.3,LM,3.391278458776244,5.6654308849136665,6.907679540797458,1.251715578574331,1.1360188703617682,1.2278867046136734,0.8946259548061657,9.601538461538462,2.635483746814912,10.311153626118848,-0.18168634943440096,1.89999999999999,-0.08902957398207373,22.932153701782198,1.888179493918325
Paraguay,2016,74.2,72.4,76.1,UM,3.610419751942769,5.609329697040558,6.827712178583353,1.2285936135279907,1.3746210467726212,1.3692158574101427,0.968174710994067,53.4,1.6232492903979006,10.43675961448326,2.68647973376488,4.01955495078894,-0.0603712937125995,98.4,2.506910725551518
Peru,2016,75.9,73.4,78.3,UM,3.78041569000618,6.1089774752221935,7.502069690615337,1.3948597209674685,1.41588433678273,1.1238516409670858,0.8845668053120376,45.461740686945895,2.0681858617461617,11.276762990534646,2.65193414463386,3.9513091924314905,0.2996131789566543,94.85174560546879,2.509202522331103
Philippines,2016,69.3,66.2,72.6,LM,3.469956538547279,5.477121254719663,8.014185330653346,2.53972138533206,1.3657405154929603,1.0293837776852097,1.0421748253728242,55.5,2.74350976472843,11.568048227361444,5.21665910964305,6.87571482288942,0.02344048117017763,90.9816131591797,2.103461622094705
Poland,2016,77.8,73.8,81.6,H,4.09394823831425,5.49510010328508,7.579441592230043,2.093450589459368,1.4082384828481522,0.9731278535996987,-0.1738304599438015,73.3007,1.255272505103306,11.682567461191569,2.9085545502001806,2.8643286793010803,0.8760533079714226,100.0,2.9012948171655673
Portugal,2016,81.5,78.3,84.5,H,4.298235436713372,4.964848663898841,7.013909072125938,2.051989893074391,0.9773210385876139,0.8864907251724818,-0.19658874595409595,70.423567088723,1.3010299956639813,11.311717496671243,1.94048840084436,1.6194146325510002,0.6366437357614709,100.0,3.2359574794666206
Qatar,2016,78.1,77.3,79.9,H,4.773232906287315,4.064832219738574,6.409900000777013,2.3450677810384386,2.1709695027922744,1.1072099696478683,-0.4213148493795126,94.29111815498959,1.3617278360175928,11.233808650105964,-1.28793425765808,2.22312097167656,1.6572781084414683,100.0,3.3073890556533043
Republic of Korea,2016,82.7,79.5,85.6,H,4.441038838504619,5.0012143252861785,7.70965748915603,2.720741968643343,1.4576067593617081,1.0791812460476249,-0.1542112465687819,92.8430256796075,1.8864907251724818,12.15195497223159,2.4658129674837403,2.9293047947001,1.0633463241316343,100.0,3.303779046595532
Republic of Moldova,2016,71.5,67.6,75.3,LM,3.281769535476601,4.529558673021163,6.5504673327609755,2.0924795234592333,1.299795135738083,1.0293837776852097,0.5043554522123115,70.9999991066624,2.0043213737826426,9.880261533622763,4.56337156331381,4.4999999656168885,0.14202295907463433,100.0,2.2704459080179626
Romania,2016,75.2,71.6,79.0,UM,3.9791916503630653,5.377288033635704,7.294517633003857,1.9326387643010685,1.280223482827032,0.9493900066449128,0.09649332543215956,59.5039512852713,1.8692317197309762,11.273044748218465,5.42275223173752,4.8207744653503,0.5460678498505026,100.0,2.6458151182966416
Russian Federation,2016,71.9,66.4,77.2,UM,3.942456317152854,7.232951662776033,8.159393910057931,0.9451630084589874,1.1903467049105187,1.2405492482825997,1.034074002241536,73.091434617897,1.8195439355418688,12.154225040001297,-0.407586190025469,-0.224910984282204,1.0739941505663957,100.0,2.7191654940892134
Rwanda,2016,68.0,66.1,69.9,L,2.851989177917754,4.420615770625765,7.076185452132933,2.684016302643196,1.7225527325138708,1.5171958979499742,0.4013045980903392,20.0,1.6989700043360187,9.926228964703935,3.42055728345456,5.981314912965961,-1.130671773913472,29.37,1.7535830588929067
Saint Lucia,2016,75.6,73.0,78.3,UM,3.9714995049771384,2.792391689498254,5.250456598616535,2.465126763605768,1.2392450523960763,1.2741578492636798,1.2849286375996578,46.729078059180296,0.2787536009528289,9.176871493732575,1.19164147974256,1.65361250756955,0.36308360930466166,97.7609176635742,2.682686478249768
Saint Vincent and the Grenadines,2016,72.0,69.4,74.9,UM,3.8439958024777,2.591064607026499,5.039980909990601,2.448916302964101,1.239907804706248,1.167317334748176,1.5617710258413426,55.57461942301661,0.7993405494535817,8.870714735786482,1.09656430836347,1.27020785219401,0.2813391779478394,100.0,2.4533183400470375
Samoa,2016,75.1,72.0,78.4,UM,3.6053064626510123,3.4533183400470375,5.290312916070474,1.8385264805461838,0.5862578357219832,1.1903316981702914,0.49767076663696824,29.4117301129981,0.8864907251724818,8.905166427789657,6.39508403393161,7.14516885471595,0.012747970348753019,100.0,2.3481100684802376
Saudi Arabia,2016,74.8,73.5,76.5,H,4.300640815768787,6.332375836196396,7.508875495156388,1.1764996589599925,2.2738605811848283,1.4393326938302626,0.17484430704872528,74.88,1.0,11.846856405059821,-0.59281771046966,1.67064234738177,1.2906860497467343,100.0,3.077040698342461
Senegal,2016,66.8,64.7,68.7,L,2.978988774458343,5.293826438386178,7.187848123117415,1.9033497122893699,1.7540908640865036,1.4471580313422192,0.8677964849806852,25.664768041395305,2.146128035678238,10.165566893189418,3.7316124544245897,6.7418182009810685,-0.21551885226012366,64.5,1.557507201905658
Seychelles,2016,73.3,69.0,78.0,H,4.177853548824951,2.662757831681574,4.976244488123886,2.3134866564423113,1.1714002475533651,0.8976270912904415,1.1050630374361055,56.514708147067786,1.1760912590556813,9.12531382944642,3.11447033818777,4.50303159109606,0.733893341240994,100.0,2.6917885244026984
Sierra Leone,2016,53.1,52.5,53.8,L,2.6819581550657094,4.859138297294531,6.869008059178817,2.0105911814553292,1.6245983765919807,1.4548448600085102,0.2338616122814778,11.77318438,2.482873583608754,9.549143331066402,3.7731746931494894,6.05547402886204,-0.7330027247927191,20.3,2.02816441942447
Singapore,2016,82.9,80.8,85.0,H,4.74227829974106,2.8567288903828825,6.748752475527209,3.898106240344143,1.3984348633690786,0.568201724066995,-0.49409346678971333,84.45,1.7075701760979363,11.467643375560856,1.0770668368131,2.39702145797342,1.0131041245749877,100.0,3.357991987252086
Slovakia,2016,77.4,73.8,80.9,H,4.218260793174845,4.69050617963605,6.734863649392361,2.052844997296273,1.3081567635728837,0.9138138523837167,0.020137387049834247,80.4759,0.7708520116421442,10.965495181902254,3.1915725222969105,3.32469529596402,0.7529377502687054,100.0,3.0446965171101943
Slovenia,2016,80.9,78.0,83.7,H,4.335462168497528,4.306853748693008,6.314928889010699,2.0108694227931014,1.2509932055650368,0.8129133566428556,-0.31727759556374086,75.49850426107909,0.8129133566428556,10.651352698798366,3.07288140025894,3.1483554899603905,0.7933493620420551,100.0,3.248365671612721
Solomon Islands,2016,71.1,69.7,72.7,LM,3.3131265883079397,4.460897842756548,5.777730504816462,1.3307276063503009,0.9302269010367479,1.2624510897304295,0.5759122301832365,11.000902271205002,1.9242792860618816,9.052870427570356,1.39634202925485,3.45660623275934,-0.45537474705464825,47.91914367675779,2.182129214052998
South Africa,2016,63.6,60.2,67.0,UM,3.7226353728746675,6.086035768834579,7.748308007547839,1.6644149848730154,1.5552453665951071,1.3283796034387378,1.5311077819314287,54.0,2.8926510338773004,11.487974877074784,-0.7348896353510809,0.565362939110358,0.9532821061312887,84.2,2.672836454171397
Spain,2016,83.1,80.3,85.7,H,4.425155152685515,5.704099016416959,7.667304071772664,1.9681517020482968,0.9982952671917235,0.5563025007672873,-0.19826399470457368,80.5613329432179,1.0,12.107829696395807,3.1873047547905,3.2744627396774195,0.7018980690683124,100.0,3.3717880089022003
Sri Lanka,2016,75.3,72.1,78.5,LM,3.586294266692835,4.8169700377573,7.326397313347113,2.5290605125717622,1.4088368382893404,1.235528446907549,0.40646232578696195,32.0510027436177,1.8129133566428555,10.905406422184392,3.30111225989084,4.468829688374781,-0.0527889679491106,95.5882339477539,2.071513805095089
Sudan,2016,65.1,63.4,66.9,LM,3.3829239978078736,6.274009401446552,7.597462929823162,1.35581483952783,1.8905387824139188,1.390935107103379,0.7130317033305029,28.0,1.9138138523837167,10.928870639404177,2.23710955008573,4.70000004201418,-0.5099005601050537,38.5284423828125,2.1812717715594614
Suriname,2016,71.8,68.7,75.1,UM,3.7687447753585785,5.214366921596604,5.746920520966031,0.5537959226115686,1.3330939211738373,1.271841606536499,0.9215364375104811,45.4,1.414973347970818,9.591388808072457,-6.01899681905107,-5.14239710174097,0.5603872454027776,87.1763153076172,2.761551988564182
Sweden,2016,82.4,80.6,84.1,H,4.714704878950524,5.650715393474295,6.996646711487777,1.3867216387661152,0.7156091664211532,0.4623979978989561,0.032523217037095396,89.6509476102355,0.9138138523837167,11.73326051338928,1.94595708858503,3.2349419223578195,0.6511017572607867,100.0,3.7481957821955634
Switzerland,2016,83.3,81.2,85.2,H,4.902362107147012,4.615844882874702,6.922898622388532,2.326125645629,1.0216889328736054,0.5563025007672873,-0.2705456890180995,89.1346877351392,0.8920946026904804,11.837138139645575,0.274850990703214,1.37588449583828,0.6346347357425193,100.0,3.9920230277638504
Syrian Arab Republic,2016,63.8,59.4,68.9,LM,3.3134528005113864,5.267594079761292,7.265536009824745,2.001592375605893,1.6389549407223571,1.294466226161593,0.3429723707344509,31.869627268866,1.3222192947339193,10.558420592353475,1.8353193543923,5.69999999644881,0.20382088382086624,100.0,1.8457180179666586
Tajikistan,2016,70.8,68.7,73.0,LM,2.9008278723923837,5.150375689855322,6.941260473086631,1.7989148140960494,1.7878450368512016,1.24551266781415,0.2073888282209238,20.470000000055002,1.9294189257142926,9.985049427011441,4.62002641297352,6.9000014547358886,-0.20728150449331612,100.0,1.7993405494535817
Thailand,2016,75.5,71.8,79.3,UM,3.7766498751109867,5.7102189425843655,7.83798918031857,2.1296617782965597,1.3649745701082867,1.5010592622177514,0.5104695710515351,47.5049656215909,2.2355284469075487,11.593590246653651,2.97384971487935,3.28268307477235,0.6648167891719088,100.0,2.3366598234544202
The former Yugoslav republic of Macedonia,2016,75.9,73.8,78.0,UM,3.7129231750079814,4.41010207664286,6.318315069272401,1.916569987035339,1.5040821008259468,0.9084850188786497,0.2009739526564061,72.1568144676058,1.2041199826559248,10.016689534852484,2.8296324510570097,2.92349571825557,0.5581008750429156,100.0,2.470410490975931
Timor-Leste,2016,68.6,66.8,70.4,LM,3.2982251558804836,4.172310968521955,6.103349012630872,1.931038044108918,1.2304625605835506,1.24551266781415,0.5964323475754314,25.24624959,2.6972293427597176,9.46297147145542,-1.37637948113911,0.8245336273627691,-0.41227332194439315,63.39413833618161,1.8555191556678001
Togo,2016,60.6,59.7,61.5,L,2.761145312506362,4.7542718686834595,6.88117767555137,2.145658616736199,1.925025168154421,1.503790683057181,0.9542385412756306,11.31,1.662757831681574,9.662647732162242,2.77133118197688,5.3981461886104105,-0.4404561664355575,46.928375244140604,1.5634810853944108
Tonga,2016,73.4,70.5,76.4,UM,3.5738739428406734,2.8750612633917,5.029878672488413,2.1725461760571454,0.6013639030865717,0.7781512503836436,-0.02098658100715566,39.95,0.9344984512435677,8.638413102512231,2.64795603077258,3.37947374984412,0.05841307595536671,97.02,2.345177616542704
Trinidad and Tobago,2016,71.8,68.2,75.6,H,4.2135737928109975,3.7101173651118162,6.1351205609591695,2.4250031958473537,1.2256264324878503,1.130333768495006,1.4896810042769673,73.296941218486,1.255272505103306,10.359523432874406,-6.29259384644325,-5.95706134719481,1.5335590853658372,100.0,3.059260404121731
Tunisia,2016,76.0,74.1,78.1,LM,3.5668670220237146,5.213809844641501,7.057028569544226,1.8656893569802961,1.5510311052276937,1.3617278360175928,0.4842431048332811,49.6,1.5797835966168101,10.624310257023273,-0.0406071518881816,1.1083929680381002,0.41280643138925277,100.0,2.41161970596323
Turkey,2016,76.4,73.3,79.4,UM,4.03593880031068,5.895063248073534,7.900435004399,2.0141530163404955,1.5711719501216026,0.9444826721501687,0.6347526715763159,58.3477340145685,1.255272505103306,11.950752740522647,1.57343685471021,3.183831543066129,0.6523893759561479,100.0,2.657629431388952
Turkmenistan,2016,68.2,64.7,71.7,UM,3.8054556010101983,5.688508807656521,6.753011589658056,1.0809784186964508,1.576822163619484,1.2405492482825997,0.6253414812019832,17.990324461341,1.7781512503836436,10.58703784438834,4.375906061511221,6.1999999664301,1.0975104993586242,100.0,2.607562243183588
Uganda,2016,62.5,60.2,64.8,L,2.763715082603962,5.383007041822538,7.617922133046727,2.3157644371057113,1.8663566006014196,1.436162647040756,1.061394175340391,21.87617046,2.303196057420489,10.41883328271565,1.26851538826598,4.656575598086151,-0.8707742873558174,26.7,1.6637009253896482
Ukraine,2016,72.5,67.6,77.1,LM,3.339596121872648,5.78071325425874,7.653257340303357,1.8903613087528657,1.2834383330543944,0.9867717342662449,0.8019962710545686,53.0,1.9395192526186185,10.994002862474668,2.72093207833255,2.30760193424764,0.7007683430031963,100.0,2.0969100130080562
United Arab Emirates,2016,77.2,76.5,78.7,H,4.585661478151772,4.922206277439017,6.967061556174105,2.044855278735087,2.0217007866474987,0.9912260756924949,-0.048754253607500436,90.6000073180483,-0.10237290870955855,11.569124661460034,1.70730974901289,2.98844182081464,1.3673936174162555,100.0,3.14674801363064
United Kingdom of Great Britain and Northern Ireland,2016,81.4,79.7,83.2,H,4.606510705620003,5.3866951117756185,7.81687447716318,2.4331847517255762,1.0614633015081198,0.4623979978989561,0.08005282084370208,94.7758006318882,0.9956351945975499,12.44388519008429,1.21053092061211,1.93579094969158,0.8127423105221027,100.0,3.639067930567106
United Republic of Tanzania,2016,63.9,62.0,65.8,L,2.9432508924728413,5.97648753730519,7.744857597851152,1.7975219219024128,1.3492640665279076,1.5237464668115646,0.8421405325857123,13.0,2.4578818967339924,10.68843059266134,3.71875421410641,6.9681294933237,-0.6549256291659277,32.8,1.5010592622177514
United States of America,2016,78.5,76.0,81.0,H,4.760336053769748,6.992620225289392,8.509747985620162,1.548449365626096,0.9636430756539811,1.0334237554869496,0.7286236178887009,76.17673698284099,0.4913616938342727,13.264105575638883,0.7427946337850391,1.4852791931914602,1.2172366785006712,100.0,3.979361688109678
Uruguay,2016,77.1,73.2,80.8,H,4.184644617929889,5.246055196906444,6.537063899391554,1.2939762198861764,1.0615805805633325,1.2405492482825997,0.8861674478900787,66.4,1.462397997898956,10.718941774485387,1.32207384763758,1.6897981623786795,0.29516028269848943,100.0,3.1076508261464864
Uzbekistan,2016,72.3,69.7,75.0,LM,3.323431744315687,5.650695979760611,7.503080800926319,1.8742833153596083,1.6692338796418105,1.0086001717619175,0.4768732132851832,46.7912869407806,1.8808135922807914,10.849724699122673,5.94172363162116,7.800000001517861,0.5341178754632205,100.0,2.126780577012009
Vanuatu,2016,72.0,70.1,74.1,LM,3.4644846637240856,4.086003705618382,5.432009899495011,1.3460061938766292,0.9468812019544011,1.1818435879447726,0.32816011655101124,24.0,1.7481880270062005,8.889272047582052,1.77019404732187,4.00057448624516,-0.2254879689593716,57.82,1.99563519459755
Venezuela (Bolivarian Republic of),2016,74.1,69.5,79.0,UM,4.195689726181976,5.9600186476802435,7.499249530480717,1.5537563261781246,1.4204703368547267,1.6201360549737576,1.7507653464300852,60.0,1.505149978319906,11.594309142158066,-5.20920190347542,-3.89438647450662,0.7800073315172565,99.6038360595703,2.988112840268352
Vietnam,2016,76.3,71.7,80.9,LM,3.3365894132928395,5.519784693375805,7.975749127354394,2.4842893780945654,1.4197229573383805,1.380211241711606,0.1813842754623561,46.5,2.123851640967086,11.289652641901624,5.09051077615817,6.21081166789989,0.2561319793118846,100.0,2.0670708560453703
Yemen,2016,65.3,63.9,66.8,LM,2.8197287247105964,5.722609246009933,7.440660597696224,1.7180513516862923,1.8606605512478949,1.3579348470004537,0.8233765569971053,24.579208363621106,1.6812412373755872,10.451718403559338,-35.9298464168426,-34.339754357642995,-0.0630669763710406,71.64234924316409,1.8573324964312685
Zambia,2016,62.3,60.2,64.4,LM,3.101399802559713,5.8765699845338935,7.21988277204256,1.3486660573248608,1.4850154077173907,1.3926969532596658,0.7241073212093597,25.5065788475702,2.575187844927661,10.353361103545545,0.687854852430547,3.75717780476374,-0.5401988327779341,27.219337463378896,1.841359470454855
Zimbabwe,2016,61.4,59.6,63.1,L,3.012447723457454,5.591910100931143,7.2081822612083295,1.620639660014711,1.3893970848186494,1.657055852857104,0.82403194871287,23.11998904,2.3180633349627615,10.157801755487952,-1.70749772733316,0.615713754356918,-0.10792998287992904,38.1451377868652,1.9745116927373283
