,Country,Year,LE_both,LE_male,LE_female,Income Level,GDP per Capita,Surface area (sq. km),"Prevalence of HIV, total (% of population ages 15-49)","Population, total",Population density (people per sq. km of land area),"PM2.5 air pollution, mean annual exposure (micrograms per cubic meter)","Mortality caused by road traffic injury (per 100,000 people)","Intentional homicides (per 100,000 people)",Individuals using the Internet (% of population),"Incidence of tuberculosis (per 100,000 people)","GNI per capita, Atlas method (current US$)",GDP per capita growth (annual %),GDP growth (annual %),CO2 emissions (metric tons per capita),Access to electricity (% of population),CHE_in_USD,Research and development expenditure (% of GDP)
108,Armenia,2010,73.3,69.5,76.7,LM,3218.3816548846503,29740.0,0.2,2877311.0,101.064664559185,25.7208275538577,16.0,1.9462616310854095,25.0,61.0,3470.0,2.6004087835942205,2.1999999991457004,1.46562189488728,99.8,169.4,0.2414
118,Armenia,2000,71.7,68.5,74.6,L,622.7427476879831,29740.0,0.1,3069588.0,107.81833508956801,18.563897626041697,19.8,2.9645672318239504,1.30047002237784,54.0,660.0,6.57029552359336,5.89999999860015,1.12891860406022,98.9,40.5,0.19131
125,Australia,2010,82.0,79.9,84.2,H,51936.888711646105,7741220.0,0.1,22031750.0,2.86785858401781,5.93756128130729,6.4,1.04430077598329,76.0,6.5,46550.0,0.477801448689007,2.05294200395332,17.740845053161898,100.0,4952.8,2.37808
135,Australia,2000,79.6,77.0,82.3,H,21669.410913093998,7741220.0,0.1,19153000.0,2.49313356677037,6.80234129581913,9.5,1.8986840179112,46.75611561167379,6.3,21110.0,2.7112617642975003,3.94318908229896,17.2006098261369,100.0,1632.4,1.57596
142,Austria,2010,80.6,77.8,83.3,H,46858.0432733717,83879.0,0.1,8363404.0,101.28742536726,15.1477554984761,6.7,0.689659354652448,75.17,9.1,49610.0,1.59257804102806,1.83709459152502,8.07113180231399,100.0,4724.7,2.7343900000000003
152,Austria,2000,78.4,75.3,81.2,H,24564.4582948404,83879.0,0.1,8011566.0,97.01581496730441,15.2687951059028,12.2,1.01620021424475,33.7301329516915,17.0,26790.0,3.12743647673042,3.37572197324998,7.77425973898237,100.0,2263.5,1.89139
159,Azerbaijan,2010,71.1,68.6,73.5,UM,5842.805783585761,86600.0,0.1,9054332.0,109.542344173442,26.2238224235431,11.0,2.2806640540884904,46.0,104.0,5410.0,3.61418749995566,4.85433932383958,3.38822587905988,99.9656753540039,287.4,0.21848
169,Azerbaijan,2000,66.5,63.8,69.0,L,655.097432602586,86600.0,0.1,8048600.0,97.434779976999,23.8569804732697,8.0,2.78231202989237,0.147757575623251,80.0,610.0,10.191029376686801,11.099999253540599,3.6662710285018494,98.9082224496759,24.9,0.336
244,Belarus,2010,70.2,64.4,76.2,UM,6029.3967998293,207600.0,0.2,9490583.0,46.7746821094135,20.213095742666894,22.7,4.23305177381232,31.8,69.0,6080.0,7.977492474763959,7.79369790497849,6.64269666046859,100.0,306.2,0.6955100000000001
254,Belarus,2000,68.3,62.8,74.0,LM,1276.2880340999998,207600.0,0.1,9979610.0,49.199418260698096,20.2930472939698,19.0,10.197703573796801,1.86039812615388,83.0,1380.0,6.29963650636165,5.8000034981717805,5.389745290647629,100.0,57.4,0.7224
380,Brazil,2010,73.3,69.7,77.1,UM,11224.1540829355,8515770.0,0.5,196796269.0,23.545462148277,10.964792004925098,20.8,21.9882217380859,40.65,44.0,9610.0,6.50337053258116,7.54179863570165,2.13293757108779,98.883056640625,894.9,1.15869
390,Brazil,2000,69.9,66.1,73.9,UM,3739.11613876518,8515770.0,0.3,175287587.0,20.972080750023306,16.160852485808498,15.9,23.7295736165923,2.87068515854108,51.0,3860.0,2.61076823470627,4.11248423957215,1.87111831255912,94.4665679931641,313.1,1.00084
414,Bulgaria,2010,73.8,70.4,77.3,UM,6843.26694975885,111000.0,0.1,7395599.0,68.1245302137067,26.8627891072634,10.5,1.9987602284528896,46.23,41.0,6980.0,1.99327953842283,1.32408780093829,5.9649002061902,100.0,484.8,0.56387
424,Bulgaria,2000,71.5,68.2,75.0,LM,1609.88245178581,110990.0,0.1,8170172.0,73.8513242339329,29.171008742369104,12.6,4.1511483114016405,5.370923469086961,52.0,1650.0,5.46013344755167,4.94055377635733,5.3280343424838605,100.0,94.5,0.49885
448,Burundi,2010,57.6,56.3,58.8,L,231.194325649216,27830.0,1.5,8766930.0,341.391355140187,40.1802767720132,31.5,3.95805601276616,1.0,144.0,210.0,0.4960395545007539,3.78590254312172,0.0242600317328871,5.3,26.1,0.1378
567,Chile,2010,78.3,75.2,81.3,UM,12860.1776447469,756096.0,0.4,16993354.0,22.8549060430486,21.3199169695343,12.1,3.18359754054438,45.0,16.0,10780.0,4.82324106454874,5.84417729578996,4.25171517053079,99.38864135742192,871.3,0.33098
601,Colombia,2010,73.5,69.9,77.3,UM,6250.65504429614,1141750.0,0.5,45918097.0,41.386297431275395,16.6899105830869,17.8,33.666464879849,36.5,31.0,5540.0,2.83531827772148,3.9718007047375297,1.65892308211292,96.788995,384.0,0.18933
611,Colombia,2000,71.1,66.9,75.6,LM,2472.19783098297,1141750.0,0.6,40403958.0,36.4163659305994,20.4101832290455,20.4,65.6841589628422,2.207532992624,36.0,2320.0,2.90894853490286,4.41999299958138,1.43362024086848,95.2,135.3,0.1297
652,Costa Rica,2010,78.3,75.6,81.1,UM,8199.41462068027,51100.0,0.3,4545280.0,89.0184097140619,14.4347509967685,13.6,11.594445226696699,36.5,14.0,7230.0,3.63532439632989,4.95186384401947,1.6651753027316298,98.995734,663.9,0.48485
662,Costa Rica,2000,77.4,74.8,80.2,UM,3808.36368918324,51100.0,0.1,3925443.0,76.87902467685079,22.032362374862,17.8,6.34323310770275,5.800253023318289,19.0,3580.0,1.70711511812509,3.73453301020578,1.3947039862761998,98.68640899658199,249.1,0.41287
703,Cuba,2010,78.0,75.9,80.2,UM,5676.14140269906,109880.0,0.3,11333051.0,106.473609545284,15.4762375362716,8.3,4.45599335959928,15.9,8.4,5560.0,2.25981037974252,2.39035229650723,3.38612744264541,99.96389770507808,667.4,0.6076699999999999
713,Cuba,2000,76.6,74.5,79.0,LM,2741.11054194091,109890.0,0.1,11150736.0,103.82435754189899,21.739597914482196,15.7,5.2642265048692805,0.541182548811058,12.0,2610.0,5.52786896469226,5.914760018797178,2.33916137912332,97.0,176.5,0.47865
720,Cyprus,2010,79.8,77.3,82.3,H,30818.4639574235,9250.0,0.1,1112607.0,120.412012987013,15.394681289512803,7.6,0.7190319672624751,52.99,6.3,31330.0,-1.2976003404293102,1.31777780421926,6.927903563432549,100.0,1958.8,0.44663
730,Cyprus,2000,77.4,75.3,79.7,H,14672.882058493999,9250.0,0.1,943286.0,102.087229437229,15.188628534082902,11.6,0.848099091897897,15.255394371013699,4.0,14860.0,4.60580151553569,5.724401737660201,7.34732626160041,100.0,751.1,0.2225
737,Czechia,2010,77.6,74.5,80.7,H,19808.0710912518,78870.0,0.1,10474410.0,135.608622475401,20.2133797130658,7.6,0.9775740711670128,68.82,6.8,19210.0,1.9758681892941896,2.27342005165725,10.652578617793301,100.0,1373.9,1.3411
747,Czechia,2000,75.0,71.6,78.4,UM,6011.615220357011,78870.0,0.1,10255063.0,132.717264138734,20.989111567564105,14.5,1.75905871504745,9.780527888343931,16.0,6310.0,4.55953032887859,4.26674135714225,12.0768890449527,100.0,342.9,1.1176
788,Denmark,2010,79.4,77.3,81.4,H,58041.4112245601,43090.0,0.2,5547683.0,130.749069054914,10.4206137405272,4.9,0.75609684088338,88.72,6.9,61220.0,1.4194881156028,1.87099263866214,8.40721667045503,100.0,6036.2,2.93477
839,Ecuador,2010,75.3,72.5,78.3,UM,4657.3023611471,256370.0,0.3,14934690.0,60.133234015139294,14.2579170455781,24.4,17.5631365632631,29.03,59.0,4410.0,1.83797803654014,3.52529866894027,2.4413617557512097,97.462142,350.2,0.40297
856,Egypt,2010,69.7,67.5,72.1,LM,2602.47954869567,1001450.0,0.1,84107606.0,84.4920448038576,90.3927785775033,14.9,2.18648477522948,21.6,18.0,2330.0,3.09166937887365,5.14510637007493,2.4101913803134503,99.6496963500977,111.4,0.43223
873,El Salvador,2010,72.2,67.5,76.7,LM,2992.54527363055,21040.0,0.6,6164626.0,297.52055984556,31.3923335546238,22.2,64.67545638616201,15.9,34.0,3370.0,1.6532083620716,2.1062131232559698,1.04752291542098,91.580238,240.2,0.06723
924,Estonia,2010,75.9,70.9,80.5,H,14638.6048173457,45230.0,0.6,1331475.0,31.410120311394202,8.20754998871023,6.7,5.25485285661308,74.1,28.0,14540.0,2.49255199418398,2.25907589383118,13.5996890666366,100.0,927.7,1.58162
934,Estonia,2000,70.9,65.5,76.2,UM,4070.0328269871397,45230.0,0.2,1396985.0,32.9555319650861,8.05720517903422,17.4,10.2207686017989,28.576953810564603,61.0,4150.0,10.034540666023199,10.5680749511053,10.6362516419289,100.0,210.4,0.60009
958,Ethiopia,2010,61.6,60.0,63.3,L,341.309909200504,1104300.0,1.4,87702670.0,87.70267,34.0707054708531,23.2,8.45894110138266,0.75,268.0,380.0,9.61633503644548,12.5505383420508,0.0750938597422405,25.033405303955107,16.8,0.24129
1009,France,2010,81.4,78.2,84.5,H,40638.33400426,549087.0,0.4,65027507.0,118.75933829719999,12.2445277503016,6.3,1.26295600883054,77.28,8.8,43790.0,1.46315894202445,1.9656573764149696,5.4289808618989515,100.0,4385.4,2.1734400000000003
1019,France,2000,79.1,75.5,82.7,H,22364.0293943406,549087.0,0.3,60912500.0,111.242094574728,12.606967452056699,12.9,1.7631802040125302,14.3079239430677,12.0,25140.0,3.1661218696111604,3.87516225892932,5.94666546275395,100.0,2156.5,2.07742
1070,Georgia,2000,71.5,68.0,74.9,L,691.997710105302,69700.0,0.1,4418300.0,77.299765562126,15.7141755020354,10.8,5.06135141471125,0.484746298540492,254.0,750.0,2.62662490216266,1.83834178668729,1.0266570853043,98.7826919555664,47.9,0.2153
1077,Germany,2010,80.1,77.6,82.6,H,41785.556912554,357127.0,0.1,81776930.0,234.60690822503398,13.700802478178401,4.7,0.9802856883790472,82.0,5.8,44790.0,4.23950434523579,4.07993330487069,9.27963401169499,100.0,4696.7,2.71373
1087,Germany,2000,78.1,75.0,81.0,H,23718.746699471,357030.0,0.1,82211508.0,235.596813297034,14.083518328284304,9.4,1.24558588598776,30.21634660488889,13.0,26210.0,2.82269660443546,2.9620453678452403,10.0956398829225,100.0,2355.5,2.38769
1094,Ghana,2010,61.2,60.3,62.0,LM,1312.6075573102498,238540.0,2.0,24512104.0,107.72657115232501,27.36923466817189,27.6,1.7215984396933002,7.8,183.0,1250.0,5.22215793866714,7.89971191216314,0.40616280838234,65.0408096313477,85.5,0.37655
1111,Greece,2010,80.5,78.0,83.1,H,26917.7589787254,131960.0,0.1,11121341.0,86.278828549263,11.654929057651696,12.8,1.53765440430963,44.4,4.5,27660.0,-5.600777666962,-5.4790371077553,7.54018386811447,100.0,2573.8,0.59846
1145,Guatemala,2010,71.0,67.7,74.3,LM,2825.52406953376,108890.0,0.5,14630417.0,136.528714072415,28.811376796308497,13.8,40.7370480280911,10.5,28.0,2700.0,0.66062551396702,2.86990289259394,0.7972928591167291,84.20420837402351,181.1,0.04351
1240,Honduras,2000,71.1,68.7,73.5,LM,1088.7798688454302,112490.0,1.1,6524283.0,58.3097953347037,37.2800780139525,15.4,48.679678671204215,1.20385599891878,123.0,880.0,3.040341488230509,5.748148174470758,0.7711382231580078,67.61672210693361,68.9,0.04438
1247,Hungary,2010,74.4,70.5,78.2,H,13092.2337567695,93030.0,0.1,10000023.0,110.46087484811702,22.8302579795971,9.1,1.3900304597979,65.0,18.0,13100.0,0.910191644479724,0.6823781514075481,5.02231164868321,100.0,983.1,1.14469
1257,Hungary,2000,71.9,67.6,76.2,UM,4633.31292266249,93030.0,0.1,10210971.0,113.936297701406,24.3055384903301,12.6,2.00566458380846,6.99967635062916,35.0,4660.0,4.4802307073416285,4.20917993168027,5.46729669489807,100.0,313.1,0.7923899999999999
1281,India,2010,66.7,65.8,67.6,LM,1345.77015320926,3287260.0,0.3,1230980691.0,414.0269175532,64.60183159502911,19.7,3.7742265447119,7.5,247.0,1220.0,8.76318441351715,10.259963064554501,1.39700890564172,76.3,45.3,0.8219
1291,India,2000,62.5,61.9,63.1,L,438.864630447894,3287260.0,0.5,1053050912.0,354.1821787373159,61.490894616535904,15.0,4.87573766993708,0.5275324499309461,289.0,440.0,2.01555893286032,3.84099115689808,0.9798704423893992,59.3957443237305,18.6,0.74306
1308,Indonesia,2000,66.1,64.5,67.7,L,780.092074398741,1910930.0,0.1,211540429.0,116.771876880275,16.4752613040304,15.7,1.04188121883784,0.925563864466858,449.0,580.0,3.4678978948197,4.9200677470169,1.24524161289282,86.3,15.6,0.06767999999999999
1349,Ireland,2010,80.9,78.7,82.9,H,48671.8882936068,70280.0,0.2,4560155.0,66.1947307301495,9.30044063924125,4.7,1.14546844039933,69.85,9.6,44760.0,1.2484860812596,1.80167903335146,8.78361393417548,100.0,5128.5,1.59851
1359,Ireland,2000,76.4,73.9,79.0,H,26241.514488701694,70280.0,0.1,3805174.0,55.235505878937396,9.83622411491871,11.0,0.961344593709793,17.8504672405807,12.0,24100.0,8.10910045532303,9.55988922297659,10.834742642517801,100.0,1561.0,1.0888
1383,Italy,2010,82.0,79.5,84.4,H,35849.3731979401,301340.0,0.3,59277417.0,201.527901679472,14.653657866552804,7.2,0.8856549628563171,53.68,8.7,37690.0,1.3742251300626,1.68652340308921,6.83837457020099,100.0,3214.5,1.22656
1393,Italy,2000,79.6,76.6,82.5,H,20051.2421548342,301340.0,0.3,56942108.0,193.60820101322602,15.4396806300776,13.8,1.33697024146852,23.110874244103695,7.0,21820.0,3.6631327839736496,3.7101065868926097,7.912673166227,100.0,1520.5,1.00486
1417,Japan,2010,83.0,79.6,86.3,H,44507.6763859172,377950.0,0.1,128070000.0,351.30983404196996,12.339644497678599,5.4,0.36172168413291,78.21,20.0,43440.0,4.17302753843063,4.191739258606701,9.14831603810416,100.0,4060.2,3.1393
1427,Japan,2000,81.3,77.8,84.6,H,38532.0408752935,377800.0,0.1,126843000.0,347.9917695473249,12.4415005945857,12.3,0.531623214884911,29.9907403589142,36.0,36230.0,2.60785131458539,2.7796328252636004,9.62235162366075,100.0,2740.5,2.90407
1451,Kazakhstan,2010,67.4,62.6,72.4,UM,9070.48825285747,2724902.0,0.1,16321872.0,6.04580953439271,16.8805743108651,26.3,8.45784517277176,31.6,145.0,7440.0,5.7942251111029,7.3000000001620196,15.2279873289044,99.6371231079102,363.9,0.15352000000000002
1461,Kazakhstan,2000,63.9,58.4,69.7,LM,1229.00095844501,2724902.0,0.1,14883626.0,5.513066637033742,16.576454570139898,14.0,15.4409507162708,0.668594402621264,166.0,1260.0,10.130500110119,9.80000000214159,7.93485418136683,99.0473861694336,50.5,0.18103
1468,Kenya,2010,62.9,61.5,64.2,L,967.350454885973,580370.0,5.6,41350152.0,72.653744245704,15.0546373354028,29.0,4.65666970220569,7.2,531.0,980.0,5.48793712892441,8.40569922421719,0.2944231015160481,19.2,61.9,0.7856
1502,Kuwait,2010,74.1,73.4,75.1,H,38497.6169579293,17820.0,0.1,2998083.0,168.242592592593,104.637477476896,20.1,2.0012788171641698,61.4,37.0,42060.0,-8.20090812335147,-2.36706194393776,29.894151362720798,100.0,1061.4,0.1014
1519,Kyrgyzstan,2010,68.6,64.4,73.0,L,880.037775119109,199949.0,0.1,5447900.0,28.404066736183506,15.8736017719326,18.2,19.7700733097187,16.3,145.0,850.0,-1.65175311775052,-0.471566847508598,1.1718730152903,99.0,62.6,0.15573
1529,Kyrgyzstan,2000,66.5,62.5,70.7,L,279.62052332088797,199950.0,0.1,4898400.0,25.539103232533893,14.941976453122301,12.0,8.73856213666379,1.04140114469361,244.0,280.0,4.17835866808393,5.426673849215421,0.946245304589254,99.7347793579102,12.3,0.15637
1638,Lithuania,2010,73.2,67.4,78.8,UM,11984.8685698823,65300.0,0.1,3097282.0,49.418141204627,18.7778706053308,13.2,7.01068537292525,62.12,73.0,12430.0,3.79365256550075,1.63981964913999,4.34861630293916,100.0,805.1,0.7834800000000001
1648,Lithuania,2000,72.0,66.5,77.4,LM,3297.35470084107,65300.0,0.1,3499536.0,55.83178047223989,18.5014803499731,23.7,10.5658890267531,6.427067494777651,102.0,3210.0,4.564578544055482,3.83166714045696,3.47572906808217,100.0,204.4,0.5848
1655,Luxembourg,2010,81.4,78.8,83.7,H,104965.30607826699,2590.0,0.2,506953.0,195.734749034749,16.3954324695452,5.8,1.96893415687286,90.62,6.6,78440.0,2.9681225771742303,4.864968560328889,21.635135801543694,100.0,7451.6,1.52737
1665,Luxembourg,2000,78.4,75.3,81.4,H,48735.995492187,2590.0,0.1,436300.0,168.455598455598,17.0077633721952,17.1,0.917214511250782,22.8873279731211,12.0,46590.0,6.794699799927219,8.2397991119304,18.885512262204895,100.0,2894.0,1.59038
1672,Madagascar,2010,63.5,62.0,64.9,L,412.730934137725,587040.0,0.2,21151640.0,36.371771503249995,17.3030323784894,31.5,9.17724352338637,1.7,241.0,420.0,-2.49814865289994,0.263110855703317,0.0925780695964946,16.9037399291992,22.2,0.11352
1682,Madagascar,2000,58.4,57.2,59.5,L,245.939065850803,587040.0,0.2,15766806.0,27.1121608143894,19.357024432303103,29.7,11.369394900083101,0.19639469100634105,293.0,250.0,1.5423095099596795,4.760065098911982,0.118846962409508,13.624736785888699,13.1,0.11973
1706,Malaysia,2010,74.2,72.0,76.6,UM,9071.35698672103,330800.0,0.5,28112289.0,85.56472074265709,15.2589925607074,23.0,1.92086812994844,56.3,76.0,8290.0,5.48781908133454,7.4248473927781,7.77155474604007,99.2892303466797,302.0,1.03663
1716,Malaysia,2000,72.5,70.3,75.0,UM,4045.17047135901,330800.0,0.5,23185608.0,70.569496271496,15.9330504725449,24.8,2.37647423349864,21.3847311644538,75.0,3460.0,6.37364571125892,8.85886817425107,5.4229371944872,97.00534057617192,105.8,0.46952
1740,Mali,2010,55.6,55.2,55.9,L,708.370763247419,1240190.0,1.4,15075085.0,12.354702956097,60.1339906700558,26.1,12.1799252087799,2.0,63.0,690.0,2.1375212802532,5.41345222224766,0.0639744983195783,25.398286819457997,31.4,0.58348
1808,Mexico,2010,75.2,72.3,78.1,UM,9016.45781179769,1964380.0,0.2,117318941.0,60.35080171815121,20.2449825901748,14.4,21.954681640026106,31.05,21.0,8930.0,3.49302593059204,5.11811814321163,3.9576576641618297,99.236696,538.7,0.53565
1818,Mexico,2000,74.5,71.8,77.3,UM,6959.388717014879,1964380.0,0.2,101719673.0,52.32628051133,28.9398614867174,13.6,10.555480256016901,5.08138415338066,23.0,5830.0,3.47839861088156,4.94245371467422,3.91647818215066,98.007132,309.6,0.31721
1842,Mongolia,2010,67.8,63.7,72.2,LM,2650.3536483043804,1564120.0,0.1,2712650.0,1.7460864079919698,20.2654463958145,19.7,8.810572687224669,10.2,205.0,2000.0,4.6257316302975715,6.3651616848574815,5.094989401507751,78.502080443828,96.0,0.24429
1876,Morocco,2010,74.2,72.9,75.4,LM,2834.20471989688,446550.0,0.1,32409639.0,72.618505489581,19.7813378619162,22.3,1.39156131914953,52.0,101.0,2930.0,2.4711540380950097,3.8157179167666,1.72659806547058,90.8117141723633,168.7,0.7142
1893,Mozambique,2010,55.0,53.8,56.2,L,419.225814942685,799380.0,13.3,24221405.0,30.801145756504503,19.6891576121559,32.4,3.61250720179114,4.17,545.0,460.0,3.61566238513254,6.687221632315849,0.11294068201246,17.2579231262207,21.5,0.42232
1927,Namibia,2010,61.0,58.7,63.2,UM,5191.58308141444,824290.0,13.0,2173170.0,2.63961665998615,22.721416496150304,21.5,14.4489386472296,11.6,649.0,4400.0,4.27629571495875,6.0392494098738805,1.42753765236958,45.371036529540994,491.5,0.14165
1944,Nepal,2010,67.9,66.6,69.2,L,592.1835216420142,147180.0,0.2,27023137.0,188.511594000698,62.60810996218449,18.7,3.00853302116627,7.93,163.0,540.0,3.72247086829192,4.8164146502244405,0.187128274559686,66.99374389648439,30.0,0.30291
1961,Netherlands,2010,80.8,78.8,82.7,H,50338.2548273725,41540.0,0.2,16615394.0,492.599881411207,15.3186461097292,3.8,0.8631584032936209,90.72,7.1,53530.0,0.8838761224878621,1.4026621772173795,11.0170708560989,100.0,5249.4,1.7234200000000002
1971,Netherlands,2000,78.2,75.6,80.6,H,25921.1279408277,41530.0,0.1,15925513.0,471.72728080568703,15.7851970929428,7.3,1.1302139595488898,43.984351373138,9.0,28460.0,3.49635171288776,4.238763068872791,10.8947262797751,100.0,1836.2,1.8058
2046,Norway,2010,81.1,78.9,83.2,H,87770.26684434009,385178.0,0.1,4889252.0,13.386225684129801,8.94038091887876,4.3,0.593547362418791,93.39,6.9,88440.0,-0.554839173571082,0.691663072400317,12.2934544997885,100.0,7859.5,1.65093
2097,Panama,2010,76.7,73.5,80.1,UM,8080.838225065619,75420.0,0.8,3643222.0,49.00755986010221,10.214252201975802,13.0,12.626186381175804,40.1,53.0,7150.0,3.9736619106779294,5.8279934942857095,2.51531007443411,86.85,526.8,0.14714000000000002
2107,Panama,2000,75.8,72.9,79.0,UM,4060.299035061,75420.0,0.6,3030347.0,40.763344094699995,16.2970145029524,15.1,9.866856831907368,6.554796477295492,48.0,3910.0,0.710449854988468,2.7153734965116,1.91073596522114,81.4014100930039,285.7,0.36264
2199,Portugal,2010,80.0,76.8,83.0,H,22538.654077348197,92210.0,0.6,10573100.0,115.43945845616301,9.61092265571811,11.2,1.16406555904577,53.3,28.0,22960.0,1.85192018618594,1.89869117560959,4.55275264586545,100.0,2213.1,1.53198
2209,Portugal,2000,76.9,73.3,80.4,H,11502.3968126428,92120.0,0.5,10289898.0,112.457901639344,9.72299077552483,19.3,1.12021911485887,16.4304676923534,47.0,12140.0,3.06057088701598,3.78749400060012,6.09640338514531,100.0,967.1,0.7239
2250,Republic of Moldova,2010,68.8,64.7,72.9,LM,1631.5358317953198,33850.0,0.4,3562045.0,124.16931014048201,20.6369445425727,14.5,6.53693823034065,32.3,116.0,1820.0,7.2070085385180995,7.10000009243477,1.3846301773279095,99.9860610961914,198.3,0.43987
2267,Romania,2010,73.6,69.8,77.5,UM,8231.31277057833,238390.0,0.1,20246871.0,88.0107411432297,20.259755512140305,10.8,1.97648308025299,39.93,105.0,8640.0,-2.23262230732379,-2.81159947950906,3.92221356080157,100.0,472.2,0.45196
2277,Romania,2000,71.1,67.6,74.7,LM,1668.16273119678,238390.0,0.1,22442971.0,97.701323407775,21.1504050390208,12.3,2.62561749462042,3.61371729139783,143.0,1720.0,2.52772060124286,2.39509453301952,4.04051865503903,100.0,69.9,0.36445
2294,Russian Federation,2000,65.0,58.7,72.0,LM,1771.58660190996,17098240.0,0.1,146596557.0,8.948996663276631,15.3186532254686,20.1,28.0676082218734,1.97723010897647,95.0,1710.0,10.463597858501402,9.99999999924522,10.6271205332605,100.0,95.4,1.04921
2403,Senegal,2010,63.9,62.3,65.4,LM,1002.52994032218,196710.0,0.6,12916229.0,67.0868384147925,32.0096310715306,28.6,8.50969958507239,8.0,136.0,1050.0,1.2328396245480902,4.179363062550509,0.599610304214953,54.15758895874021,40.1,0.5413
2471,Singapore,2010,81.8,79.3,84.2,H,46569.6795060716,712.0,0.2,5076732.0,7231.81196581197,18.1009284076467,5.1,0.374439424766448,71.0,35.0,44790.0,13.2164930144593,15.240377035941501,10.9604087826578,100.0,1503.0,2.01523
2481,Singapore,2000,78.5,76.2,80.8,H,23792.607070311802,680.0,0.1,4027887.0,6011.77164179105,19.128649520333,6.7,0.945334137293176,36.0,51.0,23670.0,7.02763352836591,8.8975444176491,12.1666243367801,100.0,820.7,1.82395
2488,Slovakia,2010,75.5,71.6,79.2,H,16600.6135880385,49037.0,0.1,5391428.0,112.108876920838,20.3244765261792,8.7,1.5173119745150805,75.71,8.7,17240.0,4.94387255006683,5.041716665038192,6.72195956247584,100.0,1295.3,0.6161399999999999
2498,Slovakia,2000,73.2,69.1,77.4,UM,5402.9297536132,49030.0,0.1,5388720.0,112.03160083160101,21.6967497644777,15.3,2.38923798310531,9.42680320061637,22.0,5520.0,1.34728093920175,1.2101733764321398,6.65932948826437,100.0,203.5,0.63927
2505,Slovenia,2010,79.5,76.2,82.8,H,23437.472021138707,20270.0,0.1,2048583.0,101.71713008937401,15.8831425435037,7.1,0.7334360795787929,70.0,9.5,24560.0,0.797240022275702,1.23775590870558,7.485854368605031,100.0,2008.2,2.05763
2515,Slovenia,2000,76.1,72.3,79.8,H,10227.7367703685,20270.0,0.1,1988925.0,98.75496524329692,16.7650380227837,15.8,1.8104107671163,15.1102595640388,21.0,11350.0,3.84751186559171,4.15543396003217,7.238403660268741,100.0,796.6,1.3563
2556,South Africa,2010,58.0,55.6,60.4,UM,7275.382111936421,1219090.0,18.1,51584663.0,42.5233601793766,29.7516416485533,25.5,30.8095450773809,24.0,948.0,6160.0,1.8136286637540704,3.03977706276746,9.19069871601177,82.9,539.6,0.7365
2590,Spain,2010,82.1,79.1,85.1,H,30736.6278530812,505600.0,0.4,46576897.0,93.1519309613808,9.68744966076384,5.4,0.857045825022019,65.8,17.0,32130.0,-0.445350775401323,0.0140638777627089,5.81641636625128,100.0,2778.4,1.35078
2600,Spain,2000,79.4,75.9,82.8,H,14676.7060880231,505000.0,0.4,40567864.0,81.29832464929859,10.072272212806599,15.6,1.3519555719528702,13.624960808989902,22.0,15790.0,4.8193640219313885,5.28909959505918,7.25782434589112,100.0,1002.8,0.8852899999999999
2607,Sri Lanka,2010,74.7,71.3,78.1,LM,2808.54596562183,65610.0,0.1,20198353.0,322.091420826025,26.9723539599799,19.1,3.77753572283839,12.0,66.0,2420.0,7.35675698203973,8.01595940652275,0.656664382487028,85.3,83.4,0.13694
2709,Tajikistan,2010,69.7,67.9,71.7,L,738.347522660006,142550.0,0.2,7641630.0,54.5986710488711,48.9806524286985,18.2,2.3686046039915603,11.55,128.0,910.0,4.1473123062085495,6.50000035307858,0.33303078008226,99.4612808227539,43.1,0.08914
2736,Thailand,2000,70.6,66.9,74.6,LM,2007.56482637453,513120.0,1.9,62958021.0,123.232047994676,23.8417318641302,26.5,8.16734693741406,3.689041279441641,241.0,1980.0,3.37496712973709,4.45567603093122,2.87923298923262,82.1,62.3,0.2447
2743,The former Yugoslav republic of Macedonia,2010,74.8,72.7,77.1,UM,4542.9041044918295,25710.0,0.1,2070739.0,82.1070182394925,34.624971004093,7.6,2.07655334641401,51.9,23.0,4700.0,3.2766017542811,3.35876011375915,4.15445017455121,99.6515350341797,316.3,0.21649
2753,The former Yugoslav republic of Macedonia,2000,73.0,70.7,75.4,LM,1854.14595610107,25710.0,0.1,2034819.0,80.0164766024381,35.6236864894085,7.8,2.30978775016353,2.4855663164006603,39.0,1840.0,4.013498583717779,4.54913577822403,5.92899417589476,97.3962783813477,71.6,0.41828
2777,Togo,2010,57.8,57.0,58.5,L,487.923891266382,56790.0,3.0,6502952.0,119.561537047251,38.9909885709822,32.2,9.60407867371618,3.0,76.0,450.0,1.23736613414707,3.99567877036402,0.4060063798717871,30.7917436845348,30.9,0.25373
2811,Trinidad and Tobago,2010,70.9,67.5,74.5,H,16683.945784356798,5130.0,1.2,1328100.0,258.888888888889,12.2563232213309,18.7,35.614788043069,48.5,19.0,16460.0,2.81904481920567,3.3233305118325096,36.0929327610873,99.2983627319336,801.1,0.0478
2821,Trinidad and Tobago,2000,69.4,66.3,72.7,UM,6430.947261921108,5130.0,1.0,1267984.0,247.17037037037,19.2890619099608,13.4,9.46384181503868,7.72141147401745,18.0,5400.0,6.6308147155860695,6.90135950372807,18.8008421241908,91.29,258.7,0.108
2828,Tunisia,2010,74.9,72.7,77.2,UM,4140.151769805901,163610.0,0.1,10639931.0,68.4856526776519,35.477905039620104,23.7,2.68798735630898,36.8,28.0,4130.0,2.36170153117985,3.5106086386031,2.59965793011252,99.5,243.6,0.69026
2879,Uganda,2010,57.6,56.1,59.1,L,595.2061732184729,241550.0,6.7,33915133.0,169.135911629763,52.900973321377286,29.5,9.31737463627225,12.5,210.0,540.0,2.07668443404987,5.63759980250855,0.115583300233557,14.769371032714801,62.7,0.47505
2896,Ukraine,2010,69.9,64.9,74.8,LM,2965.1423654977093,603550.0,0.9,45870700.0,79.18024580542699,19.2606408315357,15.1,4.34132217412628,23.3,110.0,2990.0,4.6147946473182495,4.20000001799505,6.6413496850931,99.94507598876949,188.7,0.83295
2906,Ukraine,2000,67.5,62.0,73.1,L,635.708963537223,603550.0,0.8,49175848.0,84.88107016483991,20.048051637822798,13.4,9.0458503400302,0.7161837620310431,114.0,700.0,6.971368647877211,5.89999999959699,6.52561877529799,99.37786865234379,35.1,0.96252
2947,United Republic of Tanzania,2010,59.4,58.1,60.6,L,701.604550062032,947300.0,5.4,46098591.0,52.0417599909686,20.9677688582277,31.0,8.434097259068071,2.9,426.0,690.0,3.0549695174021,6.35888608129918,0.154161891846109,14.8,36.1,0.38056
2981,Uruguay,2010,76.0,72.1,79.9,UM,11938.212001755,176220.0,0.5,3374415.0,19.2801679808022,11.802361807598801,15.8,6.07512709610407,46.4,24.0,10390.0,7.43090428403241,7.80340966844247,1.89304338677963,98.989486694336,1001.9,0.34119
2991,Uruguay,2000,74.8,70.8,78.8,UM,6871.89767748079,176220.0,0.4,3321245.0,18.976374128671,13.339845310640197,16.2,6.4433668699538895,10.5390577480141,22.0,7050.0,-2.2821123418427103,-1.92993063972195,1.59763853615135,98.00775146484371,624.0,0.20937
3008,Uzbekistan,2000,67.3,64.4,70.2,L,558.221143977787,447400.0,0.1,24650400.0,57.9464033850494,40.1907540702758,10.3,4.29797351353701,0.4843473076949471,99.0,630.0,2.3735626942556,3.79999999335621,4.94226223509558,99.6330184936523,29.3,0.36014
