Country,Year,Research and development expenditure (% of GDP)
Albania,2007,0.08735
Albania,2008,0.15420999999999999
Algeria,2001,0.23012
Algeria,2002,0.36662
Algeria,2003,0.19630999999999998
Algeria,2004,0.16355
Algeria,2005,0.06606000000000001
Argentina,2000,0.43915
Argentina,2001,0.42413
Argentina,2002,0.38834
Argentina,2003,0.41003
Argentina,2004,0.40386
Argentina,2005,0.41897
Argentina,2006,0.45021000000000005
Argentina,2007,0.45801000000000003
Argentina,2008,0.47041000000000005
Argentina,2009,0.58608
Argentina,2010,0.56126
Argentina,2011,0.56648
Argentina,2012,0.6359600000000001
Argentina,2013,0.62017
Argentina,2014,0.5885199999999999
Armenia,2000,0.19130999999999998
Armenia,2001,0.27889
Armenia,2002,0.25301
Armenia,2003,0.32201
Armenia,2004,0.25631
Armenia,2005,0.25794
Armenia,2006,0.24023000000000003
Armenia,2007,0.21101999999999999
Armenia,2008,0.22426999999999997
Armenia,2009,0.29109
Armenia,2010,0.2414
Armenia,2011,0.27
Armenia,2012,0.23833000000000001
Armenia,2013,0.22195
Armenia,2014,0.24144000000000002
Armenia,2015,0.25069
Australia,2000,1.57596
Australia,2002,1.75453
Australia,2004,1.85465
Australia,2006,2.18208
Australia,2008,2.39823
Australia,2010,2.3780799999999997
Australia,2011,2.24574
Australia,2013,2.20207
Austria,2000,1.8913900000000001
Austria,2001,1.9968599999999999
Austria,2002,2.0727
Austria,2003,2.18268
Austria,2004,2.1692299999999998
Austria,2005,2.38332
Austria,2006,2.37541
Austria,2007,2.4354
Austria,2008,2.58495
Austria,2009,2.6153
Austria,2010,2.7343900000000003
Austria,2011,2.67843
Austria,2012,2.92992
Austria,2013,2.96325
Austria,2014,3.06054
Austria,2015,3.0718099999999997
Azerbaijan,2000,0.336
Azerbaijan,2001,0.34001
Azerbaijan,2002,0.30155
Azerbaijan,2003,0.32495999999999997
Azerbaijan,2004,0.29830999999999996
Azerbaijan,2005,0.21994
Azerbaijan,2006,0.17165
Azerbaijan,2007,0.17006
Azerbaijan,2008,0.16554000000000002
Azerbaijan,2009,0.24975999999999998
Azerbaijan,2010,0.21848
Azerbaijan,2011,0.21084
Azerbaijan,2012,0.21724000000000002
Azerbaijan,2013,0.21141
Azerbaijan,2014,0.20990999999999999
Azerbaijan,2015,0.22244
Bahrain,2014,0.10116
Belarus,2000,0.7224
Belarus,2001,0.7076600000000001
Belarus,2002,0.6218100000000001
Belarus,2003,0.61088
Belarus,2004,0.62749
Belarus,2005,0.6781699999999999
Belarus,2006,0.66038
Belarus,2007,0.9616899999999999
Belarus,2008,0.74028
Belarus,2009,0.64477
Belarus,2010,0.6955100000000001
Belarus,2011,0.70097
Belarus,2012,0.6675
Belarus,2013,0.6737
Belarus,2014,0.52354
Belarus,2015,0.51672
Belgium,2000,1.9240099999999998
Belgium,2001,2.02007
Belgium,2002,1.8911799999999999
Belgium,2003,1.82949
Belgium,2004,1.80723
Belgium,2005,1.7850700000000002
Belgium,2006,1.8123900000000002
Belgium,2007,1.8425900000000002
Belgium,2008,1.9244900000000003
Belgium,2009,1.98413
Belgium,2010,2.05137
Belgium,2011,2.15594
Belgium,2012,2.35915
Belgium,2013,2.43512
Belgium,2014,2.4624900000000003
Belgium,2015,2.45668
Bermuda,2007,0.18397
Bermuda,2008,0.19247
Bermuda,2009,0.20903000000000002
Bermuda,2010,0.20845999999999998
Bermuda,2011,0.2979
Bermuda,2012,0.26899999999999996
Bermuda,2013,0.22771
Bermuda,2014,0.21659
Bermuda,2015,0.22178
Bolivia,2000,0.28744000000000003
Bolivia,2001,0.29358
Bolivia,2002,0.27663000000000004
Bolivia,2009,0.15665
Bosnia and Herzegovina,2003,0.01854
Bosnia and Herzegovina,2004,0.01611
Bosnia and Herzegovina,2005,0.02696
Bosnia and Herzegovina,2006,0.01969
Bosnia and Herzegovina,2007,0.02522
Bosnia and Herzegovina,2008,0.018430000000000002
Bosnia and Herzegovina,2009,0.02107
Bosnia and Herzegovina,2012,0.26563000000000003
Bosnia and Herzegovina,2013,0.32175
Bosnia and Herzegovina,2014,0.25777
Bosnia and Herzegovina,2015,0.21896999999999997
Botswana,2005,0.53286
Botswana,2012,0.25388
Botswana,2013,0.5423
Brazil,2000,1.00084
Brazil,2001,1.0287899999999999
Brazil,2002,0.97667
Brazil,2003,0.9982
Brazil,2004,0.9623299999999999
Brazil,2005,1.00273
Brazil,2006,0.9878399999999999
Brazil,2007,1.08149
Brazil,2008,1.12896
Brazil,2009,1.11968
Brazil,2010,1.15869
Brazil,2011,1.1413200000000001
Brazil,2012,1.12795
Brazil,2013,1.19828
Brazil,2014,1.16755
Brunei Darussalam,2002,0.01592
Brunei Darussalam,2003,0.01842
Brunei Darussalam,2004,0.03701
Bulgaria,2000,0.49885
Bulgaria,2001,0.44861
Bulgaria,2002,0.46593999999999997
Bulgaria,2003,0.47379
Bulgaria,2004,0.47200000000000003
Bulgaria,2005,0.4434
Bulgaria,2006,0.44313
Bulgaria,2007,0.42683000000000004
Bulgaria,2008,0.4458
Bulgaria,2009,0.49566000000000004
Bulgaria,2010,0.56387
Bulgaria,2011,0.53191
Bulgaria,2012,0.6047899999999999
Bulgaria,2013,0.6349100000000001
Bulgaria,2014,0.79492
Bulgaria,2015,0.95657
Burkina Faso,2001,0.19075
Burkina Faso,2002,0.33931
Burkina Faso,2003,0.27166999999999997
Burkina Faso,2004,0.2416
Burkina Faso,2005,0.17065999999999998
Burkina Faso,2007,0.1108
Burkina Faso,2008,0.18674000000000002
Burkina Faso,2009,0.20015
Burundi,2007,0.2003
Burundi,2008,0.15425999999999998
Burundi,2009,0.14436
Burundi,2010,0.1378
Burundi,2011,0.12128
Cabo Verde,2011,0.07261000000000001
Cambodia,2002,0.04974
Cambodia,2015,0.11827
Canada,2000,1.86873
Canada,2001,2.02921
Canada,2002,1.9778200000000001
Canada,2003,1.97528
Canada,2004,2.0059400000000003
Canada,2005,1.97345
Canada,2006,1.9516099999999998
Canada,2007,1.91287
Canada,2008,1.8637
Canada,2009,1.91904
Canada,2010,1.84066
Canada,2011,1.79853
Canada,2012,1.79709
Canada,2013,1.6916400000000003
Canada,2014,1.61548
Chile,2007,0.3106
Chile,2008,0.37518
Chile,2009,0.35307
Chile,2010,0.33098
Chile,2011,0.35436
Chile,2012,0.36486
Chile,2013,0.39119
Chile,2014,0.37655
Chile,2015,0.38444
China,2000,0.89566
China,2001,0.9391700000000001
China,2002,1.05541
China,2003,1.12382
China,2004,1.2137799999999999
China,2005,1.31015
China,2006,1.3712799999999998
China,2007,1.37416
China,2008,1.44251
China,2009,1.6624900000000002
China,2010,1.71007
China,2011,1.7764799999999998
China,2012,1.9071099999999999
China,2013,1.99102
China,2014,2.02106
China,2015,2.0655799999999997
Colombia,2000,0.1297
Colombia,2001,0.13174
Colombia,2002,0.13962
Colombia,2003,0.15621
Colombia,2004,0.15342
Colombia,2005,0.14995
Colombia,2006,0.14857
Colombia,2007,0.17704
Colombia,2008,0.19289
Colombia,2009,0.18955999999999998
Colombia,2010,0.18933
Colombia,2011,0.20294
Colombia,2012,0.21866999999999998
Colombia,2013,0.27318000000000003
Colombia,2014,0.25053000000000003
Colombia,2015,0.24176999999999998
"Congo, Dem. Rep.",2004,0.268
"Congo, Dem. Rep.",2005,0.05799
"Congo, Dem. Rep.",2006,0.06114
"Congo, Dem. Rep.",2007,0.13913
"Congo, Dem. Rep.",2008,0.08536
"Congo, Dem. Rep.",2009,0.07981
Costa Rica,2000,0.41286999999999996
Costa Rica,2003,0.36325
Costa Rica,2004,0.37473
Costa Rica,2006,0.42741999999999997
Costa Rica,2007,0.35885
Costa Rica,2008,0.38855
Costa Rica,2009,0.52091
Costa Rica,2010,0.48485
Costa Rica,2011,0.46718000000000004
Costa Rica,2012,0.55538
Costa Rica,2013,0.55704
Costa Rica,2014,0.5769
Croatia,2000,1.0455
Croatia,2001,0.9177200000000001
Croatia,2002,0.9462299999999999
Croatia,2003,0.95216
Croatia,2004,1.0302799999999999
Croatia,2005,0.85619
Croatia,2006,0.74119
Croatia,2007,0.79301
Croatia,2008,0.88333
Croatia,2009,0.84416
Croatia,2010,0.74479
Croatia,2011,0.75143
Croatia,2012,0.75217
Croatia,2013,0.81455
Croatia,2014,0.79104
Croatia,2015,0.85439
Cuba,2000,0.47865
Cuba,2001,0.56528
Cuba,2002,0.56445
Cuba,2003,0.58243
Cuba,2004,0.60231
Cuba,2005,0.5492
Cuba,2006,0.44138999999999995
Cuba,2007,0.43615
Cuba,2008,0.50061
Cuba,2009,0.61487
Cuba,2010,0.6076699999999999
Cuba,2011,0.27192
Cuba,2012,0.40717
Cuba,2013,0.47466
Cuba,2014,0.41596000000000005
Cuba,2015,0.42854
Cyprus,2000,0.2225
Cyprus,2001,0.23314000000000001
Cyprus,2002,0.27491
Cyprus,2003,0.3177
Cyprus,2004,0.33368000000000003
Cyprus,2005,0.36196999999999996
Cyprus,2006,0.37724
Cyprus,2007,0.39826
Cyprus,2008,0.38600999999999996
Cyprus,2009,0.44442
Cyprus,2010,0.44663
Cyprus,2011,0.45047
Cyprus,2012,0.42801999999999996
Cyprus,2013,0.46268000000000004
Cyprus,2014,0.47868999999999995
Cyprus,2015,0.45585
Czech Republic,2000,1.1176
Czech Republic,2001,1.10691
Czech Republic,2002,1.1068200000000001
Czech Republic,2003,1.1516600000000001
Czech Republic,2004,1.1465
Czech Republic,2005,1.17011
Czech Republic,2006,1.23271
Czech Republic,2007,1.30572
Czech Republic,2008,1.2406
Czech Republic,2009,1.29782
Czech Republic,2010,1.3411
Czech Republic,2011,1.55716
Czech Republic,2012,1.78227
Czech Republic,2013,1.8988599999999998
Czech Republic,2014,1.97458
Czech Republic,2015,1.94865
Denmark,2001,2.32725
Denmark,2002,2.44191
Denmark,2003,2.5051799999999997
Denmark,2004,2.41276
Denmark,2005,2.38733
Denmark,2006,2.40624
Denmark,2007,2.5137400000000003
Denmark,2008,2.77572
Denmark,2009,3.0768400000000002
Denmark,2010,2.93477
Denmark,2011,2.9717700000000002
Denmark,2012,3.00504
Denmark,2013,3.01688
Denmark,2014,2.97589
Denmark,2015,3.0138700000000003
Ecuador,2001,0.0515
Ecuador,2002,0.05534
Ecuador,2003,0.05735
Ecuador,2006,0.12863
Ecuador,2007,0.13194
Ecuador,2008,0.22779000000000002
Ecuador,2009,0.39463000000000004
Ecuador,2010,0.40297
Ecuador,2011,0.33991
Ecuador,2012,0.33236
Ecuador,2013,0.3799
Ecuador,2014,0.44148000000000004
"Egypt, Arab Rep.",2000,0.19253
"Egypt, Arab Rep.",2004,0.2701
"Egypt, Arab Rep.",2005,0.24119000000000002
"Egypt, Arab Rep.",2006,0.2589
"Egypt, Arab Rep.",2007,0.25503000000000003
"Egypt, Arab Rep.",2008,0.27009
"Egypt, Arab Rep.",2009,0.43404
"Egypt, Arab Rep.",2010,0.43223
"Egypt, Arab Rep.",2011,0.5319699999999999
"Egypt, Arab Rep.",2012,0.51349
"Egypt, Arab Rep.",2013,0.64603
"Egypt, Arab Rep.",2014,0.64558
"Egypt, Arab Rep.",2015,0.7226899999999999
El Salvador,2007,0.08935
El Salvador,2008,0.11245
El Salvador,2009,0.07744
El Salvador,2010,0.06723
El Salvador,2011,0.03112
El Salvador,2012,0.030510000000000002
El Salvador,2013,0.057679999999999995
El Salvador,2014,0.08456
El Salvador,2015,0.1302
Estonia,2000,0.60009
Estonia,2001,0.6994600000000001
Estonia,2002,0.71649
Estonia,2003,0.76777
Estonia,2004,0.85193
Estonia,2005,0.92364
Estonia,2006,1.11666
Estonia,2007,1.06884
Estonia,2008,1.25952
Estonia,2009,1.39541
Estonia,2010,1.58162
Estonia,2011,2.30655
Estonia,2012,2.12265
Estonia,2013,1.7260099999999998
Estonia,2014,1.4512200000000002
Estonia,2015,1.49502
Ethiopia,2005,0.17965
Ethiopia,2007,0.1712
Ethiopia,2010,0.24129
Ethiopia,2013,0.60468
Faroe Islands,2003,0.8611700000000001
Finland,2000,3.25192
Finland,2001,3.20765
Finland,2002,3.26376
Finland,2003,3.2927800000000005
Finland,2004,3.32495
Finland,2005,3.33762
Finland,2006,3.33017
Finland,2007,3.3383300000000005
Finland,2008,3.5418
Finland,2009,3.7494300000000003
Finland,2010,3.7279699999999996
Finland,2011,3.63639
Finland,2012,3.41594
Finland,2013,3.2926599999999997
Finland,2014,3.17663
Finland,2015,2.9047400000000003
France,2000,2.07742
France,2001,2.13554
France,2002,2.1715299999999997
France,2003,2.10787
France,2004,2.0872900000000003
France,2005,2.04676
France,2006,2.04889
France,2007,2.01554
France,2008,2.0533200000000003
France,2009,2.20799
France,2010,2.1734400000000003
France,2011,2.18988
France,2012,2.22579
France,2013,2.23406
France,2014,2.2391900000000002
France,2015,2.23135
Gabon,2007,0.41644
Gabon,2008,0.51125
Gabon,2009,0.5789300000000001
"Gambia, The",2008,0.020390000000000002
"Gambia, The",2009,0.017480000000000002
"Gambia, The",2011,0.13221
Georgia,2000,0.2153
Georgia,2001,0.23848000000000003
Georgia,2002,0.18574000000000002
Georgia,2003,0.2176
Georgia,2004,0.2442
Georgia,2005,0.17658
Georgia,2013,0.08367000000000001
Georgia,2014,0.1849
Georgia,2015,0.32045999999999997
Germany,2000,2.38769
Germany,2001,2.38541
Germany,2002,2.41465
Germany,2003,2.45669
Germany,2004,2.42145
Germany,2005,2.4234400000000003
Germany,2006,2.45938
Germany,2007,2.44948
Germany,2008,2.5988900000000004
Germany,2009,2.72675
Germany,2010,2.71373
Germany,2011,2.79885
Germany,2012,2.86632
Germany,2013,2.8173
Germany,2014,2.89227
Germany,2015,2.8774900000000003
Ghana,2007,0.23156999999999997
Ghana,2010,0.37655
Greece,2001,0.5602
Greece,2003,0.54625
Greece,2004,0.52653
Greece,2005,0.5796600000000001
Greece,2006,0.56083
Greece,2007,0.5757899999999999
Greece,2008,0.66181
Greece,2009,0.62434
Greece,2010,0.59846
Greece,2011,0.67206
Greece,2012,0.70031
Greece,2013,0.80976
Greece,2014,0.8363700000000001
Greece,2015,0.95673
Greenland,2001,0.52741
Greenland,2002,0.55628
Greenland,2003,0.56467
Greenland,2004,0.7280800000000001
Guatemala,2005,0.03495
Guatemala,2006,0.049260000000000005
Guatemala,2007,0.06667999999999999
Guatemala,2008,0.061860000000000005
Guatemala,2009,0.05529
Guatemala,2010,0.04351
Guatemala,2011,0.048139999999999995
Guatemala,2012,0.044680000000000004
Honduras,2000,0.04438
Honduras,2001,0.03847
Honduras,2002,0.04186
Honduras,2003,0.0421
Honduras,2004,0.04143
"Hong Kong SAR, China",2000,0.46406000000000003
"Hong Kong SAR, China",2001,0.53692
"Hong Kong SAR, China",2002,0.58028
"Hong Kong SAR, China",2003,0.67848
"Hong Kong SAR, China",2004,0.72009
"Hong Kong SAR, China",2005,0.7746
"Hong Kong SAR, China",2006,0.7964600000000001
"Hong Kong SAR, China",2007,0.7519600000000001
"Hong Kong SAR, China",2008,0.7189
"Hong Kong SAR, China",2009,0.77307
"Hong Kong SAR, China",2010,0.74792
"Hong Kong SAR, China",2011,0.7225199999999999
"Hong Kong SAR, China",2012,0.72628
"Hong Kong SAR, China",2013,0.72959
"Hong Kong SAR, China",2014,0.74015
"Hong Kong SAR, China",2015,0.7612800000000001
Hungary,2000,0.7923899999999999
Hungary,2001,0.91302
Hungary,2002,0.98546
Hungary,2003,0.9202799999999999
Hungary,2004,0.86441
Hungary,2005,0.9234
Hungary,2006,0.9832799999999999
Hungary,2007,0.9597399999999999
Hungary,2008,0.98298
Hungary,2009,1.13749
Hungary,2010,1.14469
Hungary,2011,1.19339
Hungary,2012,1.26719
Hungary,2013,1.39568
Hungary,2014,1.3614
Hungary,2015,1.37762
Iceland,2000,2.59972
Iceland,2001,2.8767400000000003
Iceland,2002,2.86869
Iceland,2003,2.7358700000000002
Iceland,2005,2.70886
Iceland,2006,2.91379
Iceland,2007,2.58313
Iceland,2008,2.54354
Iceland,2009,2.65657
Iceland,2011,2.49558
Iceland,2013,1.7735299999999998
Iceland,2014,2.0299099999999997
Iceland,2015,2.21493
India,2000,0.74306
India,2001,0.72196
India,2002,0.71213
India,2003,0.70727
India,2004,0.74436
India,2005,0.81118
India,2006,0.7981
India,2007,0.81483
India,2008,0.8672799999999999
India,2009,0.8446100000000001
India,2010,0.8219
India,2011,0.8309
India,2015,0.6274
Indonesia,2000,0.06767999999999999
Indonesia,2001,0.04746
Indonesia,2009,0.08327000000000001
Indonesia,2013,0.08466
"Iran, Islamic Rep.",2001,0.50239
"Iran, Islamic Rep.",2002,0.49733999999999995
"Iran, Islamic Rep.",2003,0.59396
"Iran, Islamic Rep.",2004,0.52274
"Iran, Islamic Rep.",2005,0.64178
"Iran, Islamic Rep.",2006,0.57624
"Iran, Islamic Rep.",2008,0.67201
"Iran, Islamic Rep.",2009,0.28415999999999997
"Iran, Islamic Rep.",2010,0.27741
"Iran, Islamic Rep.",2012,0.32505
Iraq,2007,0.04573
Iraq,2008,0.03436
Iraq,2009,0.045489999999999996
Iraq,2010,0.036860000000000004
Iraq,2011,0.03482
Iraq,2014,0.03826
Iraq,2015,0.037239999999999995
Ireland,2000,1.0888
Ireland,2001,1.0527
Ireland,2002,1.05574
Ireland,2003,1.1211
Ireland,2004,1.17974
Ireland,2005,1.19412
Ireland,2006,1.19832
Ireland,2007,1.23452
Ireland,2008,1.38596
Ireland,2009,1.60915
Ireland,2010,1.59851
Ireland,2011,1.54098
Ireland,2012,1.55335
Ireland,2013,1.5628600000000001
Ireland,2014,1.51368
Israel,2000,3.93039
Israel,2001,4.1844
Israel,2002,4.12967
Israel,2003,3.90125
Israel,2004,3.8747800000000003
Israel,2005,4.0395199999999996
Israel,2006,4.1310199999999995
Israel,2007,4.40546
Israel,2008,4.3276699999999995
Israel,2009,4.12196
Israel,2010,3.93949
Israel,2011,4.01776
Israel,2012,4.162730000000001
Israel,2013,4.14179
Israel,2014,4.28852
Israel,2015,4.2663199999999994
Italy,2000,1.00486
Italy,2001,1.0440200000000002
Italy,2002,1.08144
Italy,2003,1.0625200000000001
Italy,2004,1.05193
Italy,2005,1.0469
Italy,2006,1.08589
Italy,2007,1.13239
Italy,2008,1.1652
Italy,2009,1.2235
Italy,2010,1.22656
Italy,2011,1.2079600000000001
Italy,2012,1.27345
Italy,2013,1.31144
Italy,2014,1.37599
Italy,2015,1.3348799999999998
Jamaica,2001,0.04956
Jamaica,2002,0.0609
Japan,2000,2.90407
Japan,2001,2.97186
Japan,2002,3.0138599999999998
Japan,2003,3.0453200000000002
Japan,2004,3.0293200000000002
Japan,2005,3.1818
Japan,2006,3.27769
Japan,2007,3.33764
Japan,2008,3.3353599999999997
Japan,2009,3.22811
Japan,2010,3.1393
Japan,2011,3.24747
Japan,2012,3.2088099999999997
Japan,2013,3.3161199999999997
Japan,2014,3.3994
Japan,2015,3.2836300000000005
Jordan,2002,0.33696
Jordan,2008,0.4347
Kazakhstan,2000,0.18103
Kazakhstan,2001,0.22013000000000002
Kazakhstan,2002,0.25484
Kazakhstan,2003,0.25256999999999996
Kazakhstan,2004,0.24838000000000002
Kazakhstan,2005,0.28363
Kazakhstan,2006,0.24314000000000002
Kazakhstan,2007,0.20965
Kazakhstan,2008,0.21591
Kazakhstan,2009,0.22935
Kazakhstan,2010,0.15352000000000002
Kazakhstan,2011,0.15373
Kazakhstan,2012,0.16533
Kazakhstan,2013,0.17131
Kazakhstan,2014,0.16712
Kazakhstan,2015,0.16944
Kenya,2007,0.35544000000000003
Kenya,2010,0.7856
"Korea, Rep.",2000,2.18087
"Korea, Rep.",2001,2.34165
"Korea, Rep.",2002,2.27363
"Korea, Rep.",2003,2.35126
"Korea, Rep.",2004,2.53257
"Korea, Rep.",2005,2.6255900000000003
"Korea, Rep.",2006,2.83082
"Korea, Rep.",2007,3.00975
"Korea, Rep.",2008,3.13619
"Korea, Rep.",2009,3.2981300000000005
"Korea, Rep.",2010,3.4531400000000003
"Korea, Rep.",2011,3.75116
"Korea, Rep.",2012,4.01812
"Korea, Rep.",2013,4.14692
"Korea, Rep.",2014,4.27746
"Korea, Rep.",2015,4.22816
Kuwait,2000,0.12542999999999999
Kuwait,2001,0.17882
Kuwait,2002,0.18001
Kuwait,2003,0.14347000000000001
Kuwait,2004,0.1301
Kuwait,2005,0.10082999999999999
Kuwait,2006,0.08478
Kuwait,2007,0.08585
Kuwait,2008,0.0855
Kuwait,2009,0.1122
Kuwait,2010,0.1014
Kuwait,2011,0.09898
Kuwait,2012,0.09721
Kuwait,2013,0.30153
Kyrgyz Republic,2000,0.15637
Kyrgyz Republic,2001,0.17189000000000002
Kyrgyz Republic,2002,0.1981
Kyrgyz Republic,2003,0.22271999999999997
Kyrgyz Republic,2004,0.19926
Kyrgyz Republic,2005,0.19842
Kyrgyz Republic,2006,0.22974
Kyrgyz Republic,2007,0.23408
Kyrgyz Republic,2008,0.19016
Kyrgyz Republic,2009,0.16015
Kyrgyz Republic,2010,0.15573
Kyrgyz Republic,2011,0.15633
Kyrgyz Republic,2012,0.16635
Kyrgyz Republic,2013,0.14926
Kyrgyz Republic,2014,0.12527
Kyrgyz Republic,2015,0.12086
Lao PDR,2002,0.03706
Latvia,2000,0.43598000000000003
Latvia,2001,0.40321
Latvia,2002,0.40888
Latvia,2003,0.36002
Latvia,2004,0.40013000000000004
Latvia,2005,0.52959
Latvia,2006,0.65063
Latvia,2007,0.55379
Latvia,2008,0.58139
Latvia,2009,0.45271000000000006
Latvia,2010,0.61078
Latvia,2011,0.69777
Latvia,2012,0.66537
Latvia,2013,0.61254
Latvia,2014,0.6896
Latvia,2015,0.6255
Lesotho,2002,0.04185
Lesotho,2003,0.04295
Lesotho,2004,0.05532
Lesotho,2009,0.027089999999999996
Lesotho,2011,0.01158
Lesotho,2015,0.05284
Lithuania,2000,0.5848
Lithuania,2001,0.66679
Lithuania,2002,0.6567
Lithuania,2003,0.6633899999999999
Lithuania,2004,0.75066
Lithuania,2005,0.74741
Lithuania,2006,0.79119
Lithuania,2007,0.80093
Lithuania,2008,0.7884399999999999
Lithuania,2009,0.82967
Lithuania,2010,0.7834800000000001
Lithuania,2011,0.90425
Lithuania,2012,0.8950600000000001
Lithuania,2013,0.95081
Lithuania,2014,1.03398
Lithuania,2015,1.04246
Luxembourg,2000,1.59038
Luxembourg,2003,1.64546
Luxembourg,2004,1.61855
Luxembourg,2005,1.58744
Luxembourg,2006,1.6866599999999998
Luxembourg,2007,1.60909
Luxembourg,2008,1.64367
Luxembourg,2009,1.71026
Luxembourg,2010,1.5273700000000001
Luxembourg,2011,1.49526
Luxembourg,2012,1.28839
Luxembourg,2013,1.3015
Luxembourg,2014,1.288
Luxembourg,2015,1.2877299999999998
"Macao SAR, China",2001,0.06268
"Macao SAR, China",2002,0.07003999999999999
"Macao SAR, China",2003,0.06283
"Macao SAR, China",2004,0.05372999999999999
"Macao SAR, China",2005,0.08809
"Macao SAR, China",2006,0.08361
"Macao SAR, China",2007,0.0573
"Macao SAR, China",2008,0.10145
"Macao SAR, China",2009,0.05451
"Macao SAR, China",2010,0.050339999999999996
"Macao SAR, China",2011,0.044489999999999995
"Macao SAR, China",2012,0.04804
"Macao SAR, China",2013,0.05113
"Macao SAR, China",2014,0.08687
"Macao SAR, China",2015,0.13305
"Macedonia, FYR",2000,0.41828000000000004
"Macedonia, FYR",2001,0.29355
"Macedonia, FYR",2002,0.24422
"Macedonia, FYR",2003,0.2104
"Macedonia, FYR",2004,0.2322
"Macedonia, FYR",2005,0.22858
"Macedonia, FYR",2006,0.19364
"Macedonia, FYR",2007,0.17088
"Macedonia, FYR",2008,0.22351999999999997
"Macedonia, FYR",2009,0.19660999999999998
"Macedonia, FYR",2010,0.21649000000000002
"Macedonia, FYR",2011,0.22284
"Macedonia, FYR",2012,0.32655
"Macedonia, FYR",2013,0.43883999999999995
"Macedonia, FYR",2014,0.5180600000000001
"Macedonia, FYR",2015,0.44328999999999996
Madagascar,2000,0.11972999999999999
Madagascar,2001,0.21816
Madagascar,2002,0.24545
Madagascar,2003,0.33835
Madagascar,2004,0.22341
Madagascar,2005,0.17540999999999998
Madagascar,2006,0.16394
Madagascar,2007,0.13996
Madagascar,2008,0.13388
Madagascar,2009,0.14706
Madagascar,2010,0.11352000000000001
Madagascar,2011,0.10605999999999999
Madagascar,2014,0.01549
Malaysia,2000,0.46952
Malaysia,2002,0.6529
Malaysia,2004,0.59996
Malaysia,2006,0.6108399999999999
Malaysia,2008,0.78842
Malaysia,2009,1.0098
Malaysia,2010,1.03663
Malaysia,2011,1.03311
Malaysia,2012,1.0929799999999998
Malaysia,2014,1.2587
Malaysia,2015,1.29813
Mali,2007,0.21877
Mali,2010,0.58348
Malta,2002,0.2385
Malta,2003,0.23706999999999998
Malta,2004,0.49256000000000005
Malta,2005,0.52996
Malta,2006,0.58025
Malta,2007,0.5485
Malta,2008,0.5333100000000001
Malta,2009,0.5174
Malta,2010,0.61517
Malta,2011,0.67194
Malta,2012,0.82868
Malta,2013,0.7698
Malta,2014,0.74805
Malta,2015,0.76923
Mauritius,2000,0.28973000000000004
Mauritius,2001,0.36914
Mauritius,2002,0.37334
Mauritius,2003,0.33703
Mauritius,2004,0.37845
Mauritius,2005,0.37299
Mauritius,2012,0.17755
Mexico,2000,0.31721
Mexico,2001,0.33852
Mexico,2002,0.3818
Mexico,2003,0.38871999999999995
Mexico,2004,0.39434
Mexico,2005,0.40362
Mexico,2006,0.37382
Mexico,2007,0.42995
Mexico,2008,0.47279
Mexico,2009,0.51945
Mexico,2010,0.53565
Mexico,2011,0.51374
Mexico,2012,0.49363999999999997
Mexico,2013,0.5040399999999999
Mexico,2014,0.53571
Mexico,2015,0.55238
Moldova,2003,0.32405
Moldova,2004,0.34903
Moldova,2005,0.39865
Moldova,2006,0.40621999999999997
Moldova,2007,0.5455800000000001
Moldova,2008,0.53463
Moldova,2009,0.52557
Moldova,2010,0.43987
Moldova,2011,0.40499
Moldova,2012,0.41733000000000003
Moldova,2013,0.35248
Moldova,2014,0.37071
Moldova,2015,0.36967
Monaco,2004,0.03719
Monaco,2005,0.03752
Mongolia,2000,0.1882
Mongolia,2001,0.26786
Mongolia,2002,0.25183
Mongolia,2003,0.25167
Mongolia,2004,0.2679
Mongolia,2005,0.23786999999999997
Mongolia,2006,0.19109
Mongolia,2007,0.2381
Mongolia,2008,0.33644
Mongolia,2009,0.30480999999999997
Mongolia,2010,0.24429
Mongolia,2011,0.23008
Mongolia,2012,0.23897
Mongolia,2013,0.23214
Mongolia,2014,0.22366999999999998
Mongolia,2015,0.15500999999999998
Montenegro,2003,0.79774
Montenegro,2004,1.01872
Montenegro,2005,0.92443
Montenegro,2006,1.2417200000000002
Montenegro,2007,1.14891
Montenegro,2011,0.31485
Montenegro,2013,0.37431
Montenegro,2014,0.3632
Montenegro,2015,0.38019000000000003
Morocco,2001,0.6068399999999999
Morocco,2002,0.52642
Morocco,2003,0.6313300000000001
Morocco,2006,0.60763
Morocco,2010,0.7142
Mozambique,2002,0.4215
Mozambique,2006,0.45529
Mozambique,2008,0.15312
Mozambique,2010,0.42232
Mozambique,2015,0.33732
Myanmar,2000,0.11317999999999999
Myanmar,2001,0.07141
Myanmar,2002,0.16203
Namibia,2010,0.14165
Namibia,2014,0.33695
Nepal,2008,0.054360000000000006
Nepal,2009,0.25932
Nepal,2010,0.30291
Netherlands,2000,1.8058
Netherlands,2001,1.81447
Netherlands,2002,1.7670700000000001
Netherlands,2003,1.80434
Netherlands,2004,1.8070599999999999
Netherlands,2005,1.78974
Netherlands,2006,1.7573400000000001
Netherlands,2007,1.6871099999999999
Netherlands,2008,1.6435099999999998
Netherlands,2009,1.6841400000000002
Netherlands,2010,1.7234200000000002
Netherlands,2011,1.90285
Netherlands,2012,1.9399400000000002
Netherlands,2013,1.95192
Netherlands,2014,2.0011900000000002
Netherlands,2015,2.01329
New Zealand,2001,1.0978299999999999
New Zealand,2003,1.14497
New Zealand,2005,1.12
New Zealand,2007,1.15561
New Zealand,2009,1.2541200000000001
New Zealand,2011,1.2323899999999999
New Zealand,2013,1.15236
Nicaragua,2002,0.03493
Nicaragua,2011,0.08351
Nicaragua,2012,0.10534
Nicaragua,2013,0.1038
Nicaragua,2014,0.09006
Nicaragua,2015,0.10795
Nigeria,2007,0.21939
Norway,2001,1.5669
Norway,2002,1.63077
Norway,2003,1.67996
Norway,2004,1.5467799999999998
Norway,2005,1.48238
Norway,2006,1.4529
Norway,2007,1.56469
Norway,2008,1.55275
Norway,2009,1.72364
Norway,2010,1.65093
Norway,2011,1.62869
Norway,2012,1.61763
Norway,2013,1.65304
Norway,2014,1.7155099999999999
Norway,2015,1.93301
Oman,2011,0.13645
Oman,2012,0.20836999999999997
Oman,2013,0.16923
Oman,2014,0.21264
Oman,2015,0.24647
Pakistan,2000,0.12815
Pakistan,2001,0.1667
Pakistan,2002,0.2199
Pakistan,2005,0.43688
Pakistan,2007,0.63249
Pakistan,2009,0.44805
Pakistan,2011,0.32875
Pakistan,2013,0.29266
Pakistan,2015,0.24554
Panama,2000,0.36264
Panama,2001,0.36074
Panama,2002,0.3422
Panama,2003,0.32109
Panama,2004,0.22646
Panama,2005,0.23183
Panama,2006,0.23536999999999997
Panama,2007,0.18466
Panama,2008,0.19558
Panama,2009,0.13469
Panama,2010,0.14714000000000002
Panama,2011,0.17461
Panama,2012,0.07624
Panama,2013,0.06309
Paraguay,2001,0.07418
Paraguay,2002,0.08514
Paraguay,2003,0.07167000000000001
Paraguay,2004,0.07266
Paraguay,2005,0.07482
Paraguay,2008,0.05475
Paraguay,2011,0.05682
Paraguay,2012,0.08803
Paraguay,2014,0.10315999999999999
Paraguay,2015,0.12930999999999998
Peru,2000,0.1124
Peru,2001,0.11068
Peru,2002,0.10597000000000001
Peru,2003,0.10830999999999999
Peru,2004,0.15573
Peru,2011,0.08283
Peru,2012,0.055310000000000005
Peru,2013,0.08167
Peru,2014,0.10787000000000001
Peru,2015,0.11729
Philippines,2002,0.13738
Philippines,2003,0.12989
Philippines,2005,0.11139
Philippines,2007,0.10967
Philippines,2009,0.1139
Philippines,2011,0.11724000000000001
Philippines,2013,0.13839
Poland,2000,0.64205
Poland,2001,0.6228199999999999
Poland,2002,0.55758
Poland,2003,0.53879
Poland,2004,0.55255
Poland,2005,0.56308
Poland,2006,0.55073
Poland,2007,0.56076
Poland,2008,0.59738
Poland,2009,0.66204
Poland,2010,0.71836
Poland,2011,0.74438
Poland,2012,0.88055
Poland,2013,0.8689
Poland,2014,0.94001
Poland,2015,1.00337
Portugal,2000,0.7239
Portugal,2001,0.76355
Portugal,2002,0.71958
Portugal,2003,0.69834
Portugal,2004,0.73049
Portugal,2005,0.75542
Portugal,2006,0.9559799999999999
Portugal,2007,1.1272799999999998
Portugal,2008,1.44418
Portugal,2009,1.5837700000000001
Portugal,2010,1.53198
Portugal,2011,1.45821
Portugal,2012,1.38103
Portugal,2013,1.32851
Portugal,2014,1.2903200000000001
Portugal,2015,1.27885
Puerto Rico,2009,0.45131000000000004
Puerto Rico,2013,0.43625
Puerto Rico,2015,0.43078
Qatar,2012,0.47865
Romania,2000,0.36445
Romania,2001,0.38927
Romania,2002,0.37542
Romania,2003,0.38295
Romania,2004,0.38268
Romania,2005,0.40815999999999997
Romania,2006,0.45124
Romania,2007,0.52089
Romania,2008,0.56884
Romania,2009,0.46123000000000003
Romania,2010,0.45196000000000003
Romania,2011,0.49323999999999996
Romania,2012,0.48281
Romania,2013,0.38694
Romania,2014,0.38258000000000003
Romania,2015,0.48765
Russian Federation,2000,1.04921
Russian Federation,2001,1.17741
Russian Federation,2002,1.25004
Russian Federation,2003,1.28684
Russian Federation,2004,1.1531799999999999
Russian Federation,2005,1.06845
Russian Federation,2006,1.0736299999999999
Russian Federation,2007,1.11771
Russian Federation,2008,1.04376
Russian Federation,2009,1.25215
Russian Federation,2010,1.1304
Russian Federation,2011,1.02249
Russian Federation,2012,1.04614
Russian Federation,2013,1.05605
Russian Federation,2014,1.08797
Russian Federation,2015,1.13202
Saudi Arabia,2003,0.06266000000000001
Saudi Arabia,2004,0.05316
Saudi Arabia,2005,0.04233
Saudi Arabia,2006,0.04249
Saudi Arabia,2007,0.04518
Saudi Arabia,2008,0.049
Saudi Arabia,2009,0.07334
Saudi Arabia,2010,0.88434
Saudi Arabia,2011,0.9004
Saudi Arabia,2012,0.88
Saudi Arabia,2013,0.81806
Senegal,2008,0.36861
Senegal,2010,0.5413
Serbia,2000,0.89833
Serbia,2001,0.32113
Serbia,2002,0.67816
Serbia,2003,0.52145
Serbia,2004,0.30474
Serbia,2005,0.41717
Serbia,2006,0.46568999999999994
Serbia,2007,0.61887
Serbia,2008,0.71082
Serbia,2009,0.8661399999999999
Serbia,2010,0.74359
Serbia,2011,0.72387
Serbia,2012,0.9079799999999999
Serbia,2013,0.72617
Serbia,2014,0.76942
Serbia,2015,0.8661
Seychelles,2001,0.42525
Seychelles,2002,0.40707
Seychelles,2003,0.41183000000000003
Seychelles,2004,0.34658
Seychelles,2005,0.30209
Singapore,2000,1.82395
Singapore,2001,2.0204299999999997
Singapore,2002,2.06343
Singapore,2003,2.02631
Singapore,2004,2.1046099999999996
Singapore,2005,2.16142
Singapore,2006,2.13179
Singapore,2007,2.33915
Singapore,2008,2.62062
Singapore,2009,2.15815
Singapore,2010,2.01523
Singapore,2011,2.15275
Singapore,2012,2.00685
Singapore,2013,2.0121900000000004
Singapore,2014,2.19754
Slovak Republic,2000,0.63927
Slovak Republic,2001,0.62565
Slovak Republic,2002,0.56389
Slovak Republic,2003,0.56247
Slovak Republic,2004,0.50149
Slovak Republic,2005,0.49401000000000006
Slovak Republic,2006,0.47563
Slovak Republic,2007,0.44823999999999997
Slovak Republic,2008,0.46203999999999995
Slovak Republic,2009,0.47326
Slovak Republic,2010,0.6161399999999999
Slovak Republic,2011,0.6632600000000001
Slovak Republic,2012,0.80495
Slovak Republic,2013,0.82362
Slovak Republic,2014,0.8817200000000001
Slovak Republic,2015,1.17845
Slovenia,2000,1.3563
Slovenia,2001,1.46773
Slovenia,2002,1.43874
Slovenia,2003,1.24528
Slovenia,2004,1.36806
Slovenia,2005,1.41229
Slovenia,2006,1.53291
Slovenia,2007,1.42382
Slovenia,2008,1.62564
Slovenia,2009,1.8162900000000002
Slovenia,2010,2.05763
Slovenia,2011,2.42358
Slovenia,2012,2.57845
Slovenia,2013,2.60323
Slovenia,2014,2.38461
Slovenia,2015,2.2117400000000003
South Africa,2001,0.71315
South Africa,2003,0.7580899999999999
South Africa,2004,0.8114899999999999
South Africa,2005,0.8627600000000001
South Africa,2006,0.89786
South Africa,2007,0.88266
South Africa,2008,0.88781
South Africa,2009,0.83485
South Africa,2010,0.7365
South Africa,2011,0.7354
South Africa,2012,0.7345
South Africa,2013,0.72283
Spain,2000,0.8852899999999999
Spain,2001,0.88959
Spain,2002,0.96042
Spain,2003,1.0227899999999999
Spain,2004,1.0390000000000001
Spain,2005,1.0952600000000001
Spain,2006,1.16982
Spain,2007,1.2354
Spain,2008,1.3126200000000001
Spain,2009,1.35016
Spain,2010,1.3507799999999999
Spain,2011,1.32564
Spain,2012,1.28765
Spain,2013,1.26328
Spain,2014,1.2327700000000001
Spain,2015,1.21961
Sri Lanka,2000,0.14365
Sri Lanka,2004,0.18218
Sri Lanka,2006,0.17412
Sri Lanka,2008,0.11445999999999999
Sri Lanka,2010,0.13694
Sri Lanka,2013,0.10082999999999999
St. Vincent and the Grenadines,2001,0.04306
St. Vincent and the Grenadines,2002,0.12028
Sudan,2000,0.47276999999999997
Sudan,2001,0.44686000000000003
Sudan,2002,0.39509
Sudan,2003,0.33981999999999996
Sudan,2004,0.29586
Sudan,2005,0.29844
Sweden,2001,3.9108699999999996
Sweden,2003,3.61093
Sweden,2004,3.38544
Sweden,2005,3.38392
Sweden,2006,3.49928
Sweden,2007,3.2537
Sweden,2008,3.4927699999999997
Sweden,2009,3.44809
Sweden,2010,3.21611
Sweden,2011,3.24615
Sweden,2012,3.2856199999999998
Sweden,2013,3.30597
Sweden,2014,3.14335
Sweden,2015,3.26285
Switzerland,2000,2.32571
Switzerland,2004,2.6789400000000003
Switzerland,2008,2.73032
Switzerland,2012,2.96635
Tajikistan,2001,0.08953
Tajikistan,2002,0.07067999999999999
Tajikistan,2003,0.0689
Tajikistan,2004,0.06697
Tajikistan,2005,0.0957
Tajikistan,2006,0.10732
Tajikistan,2007,0.06777999999999999
Tajikistan,2008,0.06982999999999999
Tajikistan,2009,0.08577
Tajikistan,2010,0.08914
Tajikistan,2011,0.12147999999999999
Tajikistan,2012,0.11432
Tajikistan,2013,0.1177
Tajikistan,2014,0.11467999999999999
Tajikistan,2015,0.1089
Tanzania,2007,0.33957
Tanzania,2010,0.38056
Tanzania,2013,0.52889
Thailand,2000,0.2447
Thailand,2001,0.25206999999999996
Thailand,2002,0.23054000000000002
Thailand,2003,0.24524
Thailand,2004,0.23843000000000003
Thailand,2005,0.21900999999999998
Thailand,2006,0.23273000000000002
Thailand,2007,0.20072
Thailand,2008,0.20324
Thailand,2009,0.23476
Thailand,2011,0.36168
Thailand,2013,0.44216000000000005
Thailand,2014,0.48465
Thailand,2015,0.6272
Togo,2010,0.25373
Togo,2012,0.2241
Togo,2014,0.27121999999999996
Trinidad and Tobago,2000,0.10800000000000001
Trinidad and Tobago,2001,0.10417
Trinidad and Tobago,2002,0.13178
Trinidad and Tobago,2003,0.11500999999999999
Trinidad and Tobago,2004,0.11441
Trinidad and Tobago,2005,0.11395
Trinidad and Tobago,2006,0.0723
Trinidad and Tobago,2007,0.0592
Trinidad and Tobago,2008,0.03077
Trinidad and Tobago,2009,0.05679
Trinidad and Tobago,2010,0.0478
Trinidad and Tobago,2011,0.04025
Trinidad and Tobago,2012,0.04395
Trinidad and Tobago,2013,0.05856
Trinidad and Tobago,2014,0.0861
Tunisia,2002,0.54302
Tunisia,2003,0.6504300000000001
Tunisia,2004,0.73095
Tunisia,2005,0.71195
Tunisia,2006,0.6772600000000001
Tunisia,2007,0.66551
Tunisia,2008,0.6394
Tunisia,2009,0.70644
Tunisia,2010,0.69026
Tunisia,2011,0.70863
Tunisia,2012,0.68205
Tunisia,2013,0.67065
Tunisia,2014,0.65463
Tunisia,2015,0.63168
Turkey,2000,0.47811000000000003
Turkey,2001,0.5382899999999999
Turkey,2002,0.52665
Turkey,2003,0.48288000000000003
Turkey,2004,0.5183399999999999
Turkey,2005,0.5909800000000001
Turkey,2006,0.5804600000000001
Turkey,2007,0.7225600000000001
Turkey,2008,0.72482
Turkey,2009,0.8486299999999999
Turkey,2010,0.84251
Turkey,2011,0.85801
Turkey,2012,0.9198799999999999
Turkey,2013,0.94314
Turkey,2014,1.0056100000000001
Uganda,2002,0.36894
Uganda,2003,0.25701999999999997
Uganda,2004,0.25992
Uganda,2005,0.21448000000000003
Uganda,2006,0.30049000000000003
Uganda,2007,0.38797
Uganda,2008,0.32628
Uganda,2009,0.35397
Uganda,2010,0.47505
Ukraine,2000,0.96252
Ukraine,2001,1.02424
Ukraine,2002,0.99736
Ukraine,2003,1.11322
Ukraine,2004,1.08187
Ukraine,2005,1.0320200000000002
Ukraine,2006,0.94934
Ukraine,2007,0.85288
Ukraine,2008,0.84649
Ukraine,2009,0.8567600000000001
Ukraine,2010,0.83295
Ukraine,2011,0.7378
Ukraine,2012,0.7541800000000001
Ukraine,2013,0.75926
Ukraine,2014,0.64908
Ukraine,2015,0.61742
United Arab Emirates,2011,0.48918999999999996
United Arab Emirates,2014,0.69384
United Arab Emirates,2015,0.86559
United Kingdom,2000,1.6405599999999998
United Kingdom,2001,1.63268
United Kingdom,2002,1.6434
United Kingdom,2003,1.60469
United Kingdom,2004,1.55755
United Kingdom,2005,1.5711
United Kingdom,2006,1.58925
United Kingdom,2007,1.63378
United Kingdom,2008,1.64367
United Kingdom,2009,1.70155
United Kingdom,2010,1.6791099999999999
United Kingdom,2011,1.6797400000000002
United Kingdom,2012,1.6075
United Kingdom,2013,1.6594900000000001
United Kingdom,2014,1.6813
United Kingdom,2015,1.70304
United States,2000,2.61663
United States,2001,2.64375
United States,2002,2.54446
United States,2003,2.55523
United States,2004,2.48488
United States,2005,2.5047900000000003
United States,2006,2.54193
United States,2007,2.6228700000000003
United States,2008,2.77033
United States,2009,2.82226
United States,2010,2.73395
United States,2011,2.77285
United States,2012,2.6980299999999997
United States,2013,2.74019
United States,2014,2.75493
United States,2015,2.79385
Uruguay,2000,0.20936999999999997
Uruguay,2002,0.23836999999999997
Uruguay,2006,0.36566
Uruguay,2007,0.42508
Uruguay,2008,0.37982
Uruguay,2009,0.41223999999999994
Uruguay,2010,0.34119
Uruguay,2011,0.34883000000000003
Uruguay,2012,0.32798
Uruguay,2013,0.32068
Uruguay,2014,0.33592
Uzbekistan,2000,0.36014
Uzbekistan,2001,0.34512
Uzbekistan,2002,0.29357
Uzbekistan,2003,0.26836
Uzbekistan,2004,0.26955
Uzbekistan,2005,0.23776
Uzbekistan,2006,0.22421
Uzbekistan,2007,0.21713000000000002
Uzbekistan,2008,0.19339
Uzbekistan,2009,0.20305
Uzbekistan,2010,0.19519
Uzbekistan,2011,0.1949
Uzbekistan,2012,0.20215999999999998
Uzbekistan,2013,0.19639
Uzbekistan,2014,0.19759000000000002
Uzbekistan,2015,0.21354
Vietnam,2002,0.17803
Vietnam,2011,0.19043
Vietnam,2013,0.37404
West Bank and Gaza,2007,0.20833000000000002
West Bank and Gaza,2008,0.16338
West Bank and Gaza,2009,0.39655
West Bank and Gaza,2010,0.39476999999999995
West Bank and Gaza,2013,0.4922
Zambia,2002,0.0054399999999999995
Zambia,2003,0.00847
Zambia,2004,0.02223
Zambia,2005,0.02493
Zambia,2008,0.27819
Arab World,2011,0.5638073345610539
Central Europe and the Baltics,2000,0.746885766250231
Central Europe and the Baltics,2001,0.751181659810378
Central Europe and the Baltics,2002,0.7408281152445211
Central Europe and the Baltics,2003,0.730702735633154
Central Europe and the Baltics,2004,0.7349512118511601
Central Europe and the Baltics,2005,0.7363979259241259
Central Europe and the Baltics,2006,0.752368728099881
Central Europe and the Baltics,2007,0.758409839829496
Central Europe and the Baltics,2008,0.784705183502927
Central Europe and the Baltics,2009,0.8313071243995541
Central Europe and the Baltics,2010,0.875461285086917
Central Europe and the Baltics,2011,0.9590427093695691
Central Europe and the Baltics,2012,1.0587659290929599
Central Europe and the Baltics,2013,1.06217578608477
Central Europe and the Baltics,2014,1.0919016229975
Central Europe and the Baltics,2015,1.15188363085124
Early-demographic dividend,2000,0.60951983233601
Early-demographic dividend,2001,0.6283923119887039
Early-demographic dividend,2002,0.6510881224964019
Early-demographic dividend,2003,0.618026943684927
Early-demographic dividend,2004,0.630867430362328
Early-demographic dividend,2005,0.638631112978032
Early-demographic dividend,2006,0.658991090913417
Early-demographic dividend,2007,0.694510794777239
Early-demographic dividend,2008,0.7325493796572009
Early-demographic dividend,2009,0.659318133907329
Early-demographic dividend,2010,0.7898683597170519
Early-demographic dividend,2011,0.787429494272206
East Asia & Pacific,2000,2.26140609015837
East Asia & Pacific,2001,2.3092085542994902
East Asia & Pacific,2002,2.27416303242777
East Asia & Pacific,2003,2.3641518151257404
East Asia & Pacific,2004,2.34453176017116
East Asia & Pacific,2005,2.43165580405668
East Asia & Pacific,2006,2.4260693564922797
East Asia & Pacific,2007,2.37747053473299
East Asia & Pacific,2008,2.37213719577401
East Asia & Pacific,2009,2.2655591572532403
East Asia & Pacific,2010,2.4158638175200497
East Asia & Pacific,2011,2.3525363782527404
East Asia & Pacific,2012,2.4995797746327595
East Asia & Pacific,2013,2.29636118453694
East Asia & Pacific,2014,2.49127262536863
East Asia & Pacific,2015,2.45554214309581
East Asia & Pacific (excluding high income),2000,0.7296873347230871
East Asia & Pacific (excluding high income),2001,0.796530685332748
East Asia & Pacific (excluding high income),2002,0.9083228105676441
East Asia & Pacific (excluding high income),2003,1.0086605409151301
East Asia & Pacific (excluding high income),2004,1.10420418434773
East Asia & Pacific (excluding high income),2005,1.18118739138142
East Asia & Pacific (excluding high income),2006,1.25018775517826
East Asia & Pacific (excluding high income),2007,1.2476147219968998
East Asia & Pacific (excluding high income),2008,1.34139953944344
East Asia & Pacific (excluding high income),2009,1.40033843875835
East Asia & Pacific (excluding high income),2010,1.68142289140757
East Asia & Pacific (excluding high income),2011,1.61981587121813
East Asia & Pacific (excluding high income),2012,1.87599771783759
East Asia & Pacific (excluding high income),2013,1.7108059223557401
East Asia & Pacific (excluding high income),2014,1.94049585351778
East Asia & Pacific (excluding high income),2015,1.99244239676061
East Asia & Pacific (IDA & IBRD countries),2000,0.7296873347230871
East Asia & Pacific (IDA & IBRD countries),2001,0.796530685332748
East Asia & Pacific (IDA & IBRD countries),2002,0.9083228105676441
East Asia & Pacific (IDA & IBRD countries),2003,1.0086605409151301
East Asia & Pacific (IDA & IBRD countries),2004,1.10420418434773
East Asia & Pacific (IDA & IBRD countries),2005,1.18118739138142
East Asia & Pacific (IDA & IBRD countries),2006,1.25018775517826
East Asia & Pacific (IDA & IBRD countries),2007,1.2476147219968998
East Asia & Pacific (IDA & IBRD countries),2008,1.34139953944344
East Asia & Pacific (IDA & IBRD countries),2009,1.40033843875835
East Asia & Pacific (IDA & IBRD countries),2010,1.68142289140757
East Asia & Pacific (IDA & IBRD countries),2011,1.61981587121813
East Asia & Pacific (IDA & IBRD countries),2012,1.87599771783759
East Asia & Pacific (IDA & IBRD countries),2013,1.7108059223557401
East Asia & Pacific (IDA & IBRD countries),2014,1.94049585351778
East Asia & Pacific (IDA & IBRD countries),2015,1.99244239676061
Euro area,2000,1.80160157757771
Euro area,2001,1.7948422281583798
Euro area,2002,1.83534123766615
Euro area,2003,1.8014977643472299
Euro area,2004,1.78086683559773
Euro area,2005,1.77758692963162
Euro area,2006,1.8003774816545002
Euro area,2007,1.8061680533686
Euro area,2008,1.8888359949098998
Euro area,2009,1.9863048538848502
Euro area,2010,1.99439156359152
Euro area,2011,2.04240451950558
Euro area,2012,2.10128178520832
Euro area,2013,2.10489423726309
Euro area,2014,2.14343525546991
Euro area,2015,2.14298338954781
Europe & Central Asia,2000,1.67551651987064
Europe & Central Asia,2001,1.72398283735468
Europe & Central Asia,2002,1.69825166037397
Europe & Central Asia,2003,1.72126399100615
Europe & Central Asia,2004,1.69980201339227
Europe & Central Asia,2005,1.65251433021725
Europe & Central Asia,2006,1.6602057353127802
Europe & Central Asia,2007,1.66244695106639
Europe & Central Asia,2008,1.7273761645332302
Europe & Central Asia,2009,1.8179022183891698
Europe & Central Asia,2010,1.78386375560018
Europe & Central Asia,2011,1.79221139630164
Europe & Central Asia,2012,1.8431090330654498
Europe & Central Asia,2013,1.8164108439843003
Europe & Central Asia,2014,1.85736332323488
Europe & Central Asia,2015,1.9259163518886497
Europe & Central Asia (excluding high income),2000,0.7063878111564201
Europe & Central Asia (excluding high income),2001,0.8236548260663059
Europe & Central Asia (excluding high income),2002,0.8517668905685141
Europe & Central Asia (excluding high income),2003,0.843745903755624
Europe & Central Asia (excluding high income),2004,0.8018349525823679
Europe & Central Asia (excluding high income),2005,0.7932314985478841
Europe & Central Asia (excluding high income),2006,0.802585881429341
Europe & Central Asia (excluding high income),2007,0.8648805133811949
Europe & Central Asia (excluding high income),2008,0.8330865793560842
Europe & Central Asia (excluding high income),2009,0.9452350268652729
Europe & Central Asia (excluding high income),2010,0.8969069590465659
Europe & Central Asia (excluding high income),2011,0.852597126795295
Europe & Central Asia (excluding high income),2012,0.8843793894737759
Europe & Central Asia (excluding high income),2013,0.8803459293355329
Europe & Central Asia (excluding high income),2014,0.8986123413866529
Europe & Central Asia (excluding high income),2015,0.8695523330919771
Europe & Central Asia (IDA & IBRD countries),2000,0.7021876046099439
Europe & Central Asia (IDA & IBRD countries),2001,0.78307847934224
Europe & Central Asia (IDA & IBRD countries),2002,0.795735102624103
Europe & Central Asia (IDA & IBRD countries),2003,0.7932767724619101
Europe & Central Asia (IDA & IBRD countries),2004,0.7681257120020509
Europe & Central Asia (IDA & IBRD countries),2005,0.7596418562686821
Europe & Central Asia (IDA & IBRD countries),2006,0.765546679093111
Europe & Central Asia (IDA & IBRD countries),2007,0.8218541173150341
Europe & Central Asia (IDA & IBRD countries),2008,0.8014830485381429
Europe & Central Asia (IDA & IBRD countries),2009,0.902284964155495
Europe & Central Asia (IDA & IBRD countries),2010,0.870319208444965
Europe & Central Asia (IDA & IBRD countries),2011,0.837949940786254
Europe & Central Asia (IDA & IBRD countries),2012,0.882308989814259
Europe & Central Asia (IDA & IBRD countries),2013,0.8783143456720128
Europe & Central Asia (IDA & IBRD countries),2014,0.9022018565779059
Europe & Central Asia (IDA & IBRD countries),2015,0.89303606403811
European Union,2000,1.7246935705072
European Union,2001,1.78578110222816
European Union,2002,1.75899450732633
European Union,2003,1.7843096163811498
European Union,2004,1.75040057003079
European Union,2005,1.74271305577255
European Union,2006,1.76380302717833
European Union,2007,1.76719178418447
European Union,2008,1.8372303860137
European Union,2009,1.93090111853898
European Union,2010,1.92770454813183
European Union,2011,1.97036468795917
European Union,2012,2.00915625223606
European Union,2013,2.0225384175301
European Union,2014,2.04492412394967
European Union,2015,2.0473869890580203
High income,2000,2.29920944111254
High income,2001,2.33633181086161
High income,2002,2.28540510159822
High income,2003,2.25890954059037
High income,2004,2.20608337905244
High income,2005,2.22053384058786
High income,2006,2.24356364154837
High income,2007,2.24818819172029
High income,2008,2.32945193640249
High income,2009,2.39828472421847
High income,2010,2.37315557187284
High income,2011,2.38461023954015
High income,2012,2.4070753960857703
High income,2013,2.40309752731253
High income,2014,2.4663972351223395
High income,2015,2.55966586728763
IBRD only,2000,0.65022782867937
IBRD only,2001,0.6819510716946889
IBRD only,2002,0.7318992872096859
IBRD only,2003,0.7751428939673599
IBRD only,2004,0.802723886356267
IBRD only,2005,0.8465528079859671
IBRD only,2006,0.8739033711617591
IBRD only,2007,0.909570547542458
IBRD only,2008,0.954278791034957
IBRD only,2009,1.04162447779451
IBRD only,2010,1.11067073925674
IBRD only,2011,1.1287904528921497
IBRD only,2012,1.26098418779878
IBRD only,2013,1.27268536981339
IBRD only,2014,1.39654536643448
IBRD only,2015,1.4924705798675502
IDA & IBRD total,2000,0.6388659263747
IDA & IBRD total,2001,0.670766773891286
IDA & IBRD total,2002,0.7175715874362559
IDA & IBRD total,2003,0.769217383558825
IDA & IBRD total,2004,0.7956866418064208
IDA & IBRD total,2005,0.8334184054859141
IDA & IBRD total,2006,0.869473223549745
IDA & IBRD total,2007,0.887370272066423
IDA & IBRD total,2008,0.9464109982015779
IDA & IBRD total,2009,1.02857634900471
IDA & IBRD total,2010,1.09928890469873
IDA & IBRD total,2011,1.11614312816582
IDA & IBRD total,2012,1.25574292698379
IDA & IBRD total,2013,1.2549353523101798
IDA & IBRD total,2014,1.3894629405535501
IDA & IBRD total,2015,1.4651831752929398
IDA blend,2007,0.39951887300670197
Late-demographic dividend,2000,0.8163523297447471
Late-demographic dividend,2001,0.8687212391732589
Late-demographic dividend,2002,0.8936078385564491
Late-demographic dividend,2003,0.957199255119897
Late-demographic dividend,2004,0.964940680702075
Late-demographic dividend,2005,1.02433314086611
Late-demographic dividend,2006,1.03011447820941
Late-demographic dividend,2007,1.06182239547893
Late-demographic dividend,2008,1.09624948077779
Late-demographic dividend,2009,1.27421769847269
Late-demographic dividend,2010,1.3175440942326102
Late-demographic dividend,2011,1.29584082784343
Late-demographic dividend,2012,1.4329130815322
Late-demographic dividend,2013,1.48032003957738
Late-demographic dividend,2014,1.54139757151286
Late-demographic dividend,2015,1.7175988198168897
Latin America & Caribbean,2000,0.555702831429552
Latin America & Caribbean,2001,0.537868352386825
Latin America & Caribbean,2002,0.529302669518314
Latin America & Caribbean,2003,0.5607226323926011
Latin America & Caribbean,2004,0.569565021797799
Latin America & Caribbean,2005,0.621974821058791
Latin America & Caribbean,2006,0.610745076813115
Latin America & Caribbean,2007,0.66625526292616
Latin America & Caribbean,2008,0.718134984623927
Latin America & Caribbean,2009,0.7498105678674499
Latin America & Caribbean,2010,0.796208602021755
Latin America & Caribbean,2011,0.7578445268022349
Latin America & Caribbean,2012,0.7347658630043441
Latin America & Caribbean,2013,0.769982265148045
Latin America & Caribbean,2014,0.7666384438826209
Latin America & Caribbean (excluding high income),2000,0.5855607800800839
Latin America & Caribbean (excluding high income),2001,0.561400532729987
Latin America & Caribbean (excluding high income),2002,0.5447997603692021
Latin America & Caribbean (excluding high income),2003,0.578594811050994
Latin America & Caribbean (excluding high income),2004,0.592082140078534
Latin America & Caribbean (excluding high income),2005,0.6494799106722591
Latin America & Caribbean (excluding high income),2006,0.6352792887193051
Latin America & Caribbean (excluding high income),2007,0.719217650255021
Latin America & Caribbean (excluding high income),2008,0.777230407029415
Latin America & Caribbean (excluding high income),2009,0.8133158830614651
Latin America & Caribbean (excluding high income),2010,0.8636452520554451
Latin America & Caribbean (excluding high income),2011,0.8146903850042309
Latin America & Caribbean (excluding high income),2012,0.7827371156861791
Latin America & Caribbean (excluding high income),2013,0.835286786376351
Latin America & Caribbean (excluding high income),2014,0.817964420244227
Latin America & the Caribbean (IDA & IBRD countries),2000,0.556960323427051
Latin America & the Caribbean (IDA & IBRD countries),2001,0.537389537049753
Latin America & the Caribbean (IDA & IBRD countries),2002,0.5285792738010129
Latin America & the Caribbean (IDA & IBRD countries),2003,0.560252600232364
Latin America & the Caribbean (IDA & IBRD countries),2004,0.568893795586997
Latin America & the Caribbean (IDA & IBRD countries),2005,0.6233966288278671
Latin America & the Caribbean (IDA & IBRD countries),2006,0.614136346475479
Latin America & the Caribbean (IDA & IBRD countries),2007,0.6703249251660379
Latin America & the Caribbean (IDA & IBRD countries),2008,0.7215773459963621
Latin America & the Caribbean (IDA & IBRD countries),2009,0.760274980071419
Latin America & the Caribbean (IDA & IBRD countries),2010,0.7989314040089559
Latin America & the Caribbean (IDA & IBRD countries),2011,0.7640312188353969
Latin America & the Caribbean (IDA & IBRD countries),2012,0.7392027739692901
Latin America & the Caribbean (IDA & IBRD countries),2013,0.780404510773149
Latin America & the Caribbean (IDA & IBRD countries),2014,0.7718390678900731
Low & middle income,2000,0.652089225256395
Low & middle income,2001,0.686536544629429
Low & middle income,2002,0.7314150297936529
Low & middle income,2003,0.78664417313664
Low & middle income,2004,0.8147836772252591
Low & middle income,2005,0.85525719781055
Low & middle income,2006,0.893897651803807
Low & middle income,2007,0.920089978992328
Low & middle income,2008,0.9815410907347929
Low & middle income,2009,1.06085823330358
Low & middle income,2010,1.13834782058272
Low & middle income,2011,1.1534153054129
Low & middle income,2012,1.30141345886425
Low & middle income,2013,1.29655807124898
Low & middle income,2014,1.43746832674384
Low & middle income,2015,1.4878567763936499
Lower middle income,2000,0.47679530884245097
Lower middle income,2007,0.638435862656318
Lower middle income,2009,0.5638126801414279
Middle East & North Africa,2010,0.927103484855956
Middle East & North Africa,2012,0.9382931644330891
Middle East & North Africa (excluding high income),2009,0.31138878512127
Middle East & North Africa (excluding high income),2010,0.338497542107318
Middle East & North Africa (IDA & IBRD countries),2009,0.310572373046729
Middle East & North Africa (IDA & IBRD countries),2010,0.3379866523883
Middle income,2000,0.652544629433547
Middle income,2001,0.687409105800343
Middle income,2002,0.7330133639891179
Middle income,2003,0.788287989307103
Middle income,2004,0.817335252572641
Middle income,2005,0.8593791977807141
Middle income,2006,0.8969017877073491
Middle income,2007,0.9259424343513051
Middle income,2008,0.9871217346127809
Middle income,2009,1.0652787318156098
Middle income,2010,1.1455777741469901
Middle income,2011,1.1544437995381398
Middle income,2012,1.3021189105043998
Middle income,2013,1.30018448984246
Middle income,2014,1.4390646210339901
Middle income,2015,1.4893481323434
North America,2000,2.5662847000526803
North America,2001,2.6039078878531
North America,2002,2.5078627979028596
North America,2003,2.51350346403616
North America,2004,2.44802897547961
North America,2005,2.46122812587106
North America,2006,2.49074679647038
North America,2007,2.55675025463053
North America,2008,2.68305859763491
North America,2009,2.7428949609907
North America,2010,2.64616443012269
North America,2011,2.6713920136885
North America,2012,2.60589666295773
North America,2013,2.63522123212153
North America,2014,2.64829923301171
North America,2015,2.79385
OECD members,2000,2.26941149812325
OECD members,2001,2.3048490691097303
OECD members,2002,2.24370384565355
OECD members,2003,2.2376724583975096
OECD members,2004,2.1873407984759097
OECD members,2005,2.2015401345503
OECD members,2006,2.22520258331928
OECD members,2007,2.23298355321612
OECD members,2008,2.32079781162085
OECD members,2009,2.40147454040077
OECD members,2010,2.3637230576335497
OECD members,2011,2.39793079874738
OECD members,2012,2.4182122501310803
OECD members,2013,2.4085732939159
OECD members,2014,2.44792750684672
OECD members,2015,2.54649423119779
Post-demographic dividend,2000,2.33215774234894
Post-demographic dividend,2001,2.36811041629961
Post-demographic dividend,2002,2.3071778775940097
Post-demographic dividend,2003,2.2984131410834
Post-demographic dividend,2004,2.24740109624922
Post-demographic dividend,2005,2.26893946502525
Post-demographic dividend,2006,2.29597866858047
Post-demographic dividend,2007,2.31305934818722
Post-demographic dividend,2008,2.40345982767902
Post-demographic dividend,2009,2.47299954509504
Post-demographic dividend,2010,2.44099878472965
Post-demographic dividend,2011,2.4777716315151497
Post-demographic dividend,2012,2.4965841801226003
Post-demographic dividend,2013,2.4880189717850296
Post-demographic dividend,2014,2.52970239791687
Post-demographic dividend,2015,2.59441137457361
South Asia,2000,0.64302396037151
South Asia,2001,0.649127586262197
South Asia,2002,0.6508049277064979
South Asia,2003,0.70727
South Asia,2004,0.7282344546420171
South Asia,2005,0.7665518477088601
South Asia,2006,0.7795056531198951
South Asia,2007,0.794300954452481
South Asia,2008,0.834342374852772
South Asia,2009,0.7953016144500609
South Asia,2010,0.794628659136447
South Asia,2011,0.7782382337770569
South Asia,2015,0.5838614947649761
South Asia (IDA & IBRD),2000,0.64302396037151
South Asia (IDA & IBRD),2001,0.649127586262197
South Asia (IDA & IBRD),2002,0.6508049277064979
South Asia (IDA & IBRD),2003,0.70727
South Asia (IDA & IBRD),2004,0.7282344546420171
South Asia (IDA & IBRD),2005,0.7665518477088601
South Asia (IDA & IBRD),2006,0.7795056531198951
South Asia (IDA & IBRD),2007,0.794300954452481
South Asia (IDA & IBRD),2008,0.834342374852772
South Asia (IDA & IBRD),2009,0.7953016144500609
South Asia (IDA & IBRD),2010,0.794628659136447
South Asia (IDA & IBRD),2011,0.7782382337770569
South Asia (IDA & IBRD),2015,0.5838614947649761
Sub-Saharan Africa,2007,0.547879682309785
Sub-Saharan Africa (excluding high income),2007,0.547879682309785
Sub-Saharan Africa (IDA & IBRD countries),2007,0.547879682309785
Upper middle income,2000,0.6963580439459971
Upper middle income,2001,0.7220657776456049
Upper middle income,2002,0.770399129868557
Upper middle income,2003,0.8158420864445621
Upper middle income,2004,0.840238590741824
Upper middle income,2005,0.896747391210759
Upper middle income,2006,0.9244163558524421
Upper middle income,2007,0.989289990668562
Upper middle income,2008,1.01995824373663
Upper middle income,2009,1.17754756311182
Upper middle income,2010,1.21509739276933
Upper middle income,2011,1.24117198688308
Upper middle income,2012,1.3279407723283898
Upper middle income,2013,1.42621802255667
Upper middle income,2014,1.46753964567031
Upper middle income,2015,1.66357543622455
World,2000,2.0563645121757097
World,2001,2.08087865621423
World,2002,2.0410929246641003
World,2003,2.03260266727912
World,2004,1.9823141917108997
World,2005,1.9720526549287098
World,2006,1.97995094885993
World,2007,1.95531087561457
World,2008,2.00929166190773
World,2009,2.0496652794400303
World,2010,2.0357550463225
World,2011,2.02285818314907
World,2012,2.0897816568653402
World,2013,2.0627073715515802
World,2014,2.15311243962624
World,2015,2.22742602049538
